simulation_id	sample_id	p_death	mutation_rate	p_driver	neutral	rsquare	slope
00547d14	0	0.0	50	0.0008	false	0.5516240542571857	0.007273097855447072
00547d14	1	0.0	50	0.0008	false	0.5624012329147737	0.005996373791851063
00547d14	2	0.0	50	0.0008	false	0.7016632296746448	0.00720965269408952
00547d14	3	0.0	50	0.0008	false	0.7869776665458214	0.012590707967065119
00547d14	4	0.0	50	0.0008	false	0.7553722752166063	0.00548865838441328
00547d14	5	0.0	50	0.0008	false	0.7421745632744772	0.008396244813295704
00547d14	6	0.0	50	0.0008	false	0.7741943062822401	0.007406415334089639
00547d14	7	0.0	50	0.0008	false	0.7747608814450855	0.005857645947625051
00547d14	8	0.0	50	0.0008	false	0.7646728210887547	0.007480603111701168
00547d14	9	0.0	50	0.0008	false	0.7610046851689835	0.0058131122936719805
00547d14	neutral	0.0	50	0.0008	true	0.23819940461717037	-9.198027234635531e-8
0522c685	0	0.0	50	0.0004	false	0.7336645829750673	0.005795943455999155
0522c685	1	0.0	50	0.0004	false	0.6681944026379615	0.006227800039878083
0522c685	2	0.0	50	0.0004	false	0.6191708253134734	0.0047481123649227444
0522c685	3	0.0	50	0.0004	false	0.5604846807962399	0.004937247434900962
0522c685	4	0.0	50	0.0004	false	0.8019173864459286	0.004370597825172569
0522c685	5	0.0	50	0.0004	false	0.5960960539618858	0.0039928235828423
0522c685	6	0.0	50	0.0004	false	0.8708128273041853	0.0049169111986113925
0522c685	7	0.0	50	0.0004	false	0.711266519101726	0.00802238327931677
0522c685	8	0.0	50	0.0004	false	0.7548420931408575	0.006344032986610627
0522c685	9	0.0	50	0.0004	false	0.6289921798888322	0.004680653516847398
0522c685	neutral	0.0	50	0.0004	true	0.11010832112959579	-3.1579101887883384e-8
0c4b892d	0	0.0	50	0.0002	false	0.8574999695885802	0.0053221642659765775
0c4b892d	1	0.0	50	0.0002	false	0.8801837709361067	0.0055217492112542114
0c4b892d	2	0.0	50	0.0002	false	0.7211976675971766	0.004459044270443441
0c4b892d	3	0.0	50	0.0002	false	0.9106229844075715	0.01115228591433499
0c4b892d	4	0.0	50	0.0002	false	0.8151007771770908	0.004998905530533752
0c4b892d	5	0.0	50	0.0002	false	0.9057117533220423	0.006847794469492811
0c4b892d	6	0.0	50	0.0002	false	0.8161797521827674	0.005216644300784785
0c4b892d	7	0.0	50	0.0002	false	0.8720844713999802	0.00405138644862557
0c4b892d	8	0.0	50	0.0002	false	0.6513109884681513	0.0058467526712409025
0c4b892d	9	0.0	50	0.0002	false	0.7676802660621227	0.007098566922958102
0c4b892d	neutral	0.0	50	0.0002	true	0.3026496377508553	-8.727196743352966e-8
0ce6d996	0	0.1	30	0.0006000000000000001	false	0.615190756321154	0.010582849768802253
0ce6d996	1	0.1	30	0.0006000000000000001	false	0.33794136237884465	0.0069429052723764435
0ce6d996	2	0.1	30	0.0006000000000000001	false	0.533529559118779	0.010744325333643596
0ce6d996	3	0.1	30	0.0006000000000000001	false	0.7128508807230413	0.009340022856497458
0ce6d996	4	0.1	30	0.0006000000000000001	false	0.7855923115536371	0.012593320206861242
0ce6d996	5	0.1	30	0.0006000000000000001	false	0.8361640976854124	0.008817474632502183
0ce6d996	6	0.1	30	0.0006000000000000001	false	0.7534845311756853	0.01086990969475756
0ce6d996	7	0.1	30	0.0006000000000000001	false	0.7027431850028381	0.009303031517600563
0ce6d996	8	0.1	30	0.0006000000000000001	false	0.5013229001327678	0.01590081276827091
0ce6d996	9	0.1	30	0.0006000000000000001	false	0.836104968576671	0.00958179468329688
0ce6d996	neutral	0.1	30	0.0006000000000000001	true	0.05995191860719873	2.587235154766189e-7
0e80545e	0	0.1	10	0.0009000000000000001	false	0.7252102452946926	0.021246505697000165
0e80545e	1	0.1	10	0.0009000000000000001	false	0.8413631899545155	0.027644322921087157
0e80545e	2	0.1	10	0.0009000000000000001	false	0.872948195764241	0.03748414828671204
0e80545e	3	0.1	10	0.0009000000000000001	false	0.8060848586117377	0.017224833592489917
0e80545e	4	0.1	10	0.0009000000000000001	false	0.7503527174201114	0.01678980656366213
0e80545e	5	0.1	10	0.0009000000000000001	false	0.9151185304718158	0.04824054967276422
0e80545e	6	0.1	10	0.0009000000000000001	false	0.6235141613718855	0.02272732894022989
0e80545e	7	0.1	10	0.0009000000000000001	false	0.8428009819025438	0.03604285385731112
0e80545e	8	0.1	10	0.0009000000000000001	false	0.8748550588382221	0.022635224615576252
0e80545e	9	0.1	10	0.0009000000000000001	false	0.5791949358161215	0.014936284553135448
0e80545e	neutral	0.1	10	0.0009000000000000001	true	0.04013198079355196	2.6379023360322595e-7
0efa6f97	0	0.0	100	0.0001	false	0.6667787254162445	0.001675187402629986
0efa6f97	1	0.0	100	0.0001	false	0.6953160640179215	0.0034212333150745755
0efa6f97	2	0.0	100	0.0001	false	0.6834528983094632	0.002610238764486212
0efa6f97	3	0.0	100	0.0001	false	0.7160383228264455	0.003817889696906704
0efa6f97	4	0.0	100	0.0001	false	0.7088871675165211	0.0023542068239082383
0efa6f97	5	0.0	100	0.0001	false	0.8409944325874082	0.005041303373020864
0efa6f97	6	0.0	100	0.0001	false	0.8904838176042073	0.002921515813699255
0efa6f97	7	0.0	100	0.0001	false	0.8491502193484187	0.0023445523732236423
0efa6f97	8	0.0	100	0.0001	false	0.8398872525907223	0.002870143650447709
0efa6f97	9	0.0	100	0.0001	false	0.778898975830517	0.0022674269964930677
0efa6f97	neutral	0.0	100	0.0001	true	0.44562028769906614	-3.989551802972922e-8
107e9b77	0	0.1	20	0.0002	false	0.7376995182065595	0.029250718820130688
107e9b77	1	0.1	20	0.0002	false	0.4441106119332976	0.005966157957727117
107e9b77	2	0.1	20	0.0002	false	0.8363009860478741	0.011344827794564903
107e9b77	3	0.1	20	0.0002	false	0.8544125269859429	0.010235534540051086
107e9b77	4	0.1	20	0.0002	false	0.8719659913980929	0.00853911798453006
107e9b77	5	0.1	20	0.0002	false	0.7410345645494192	0.01104112295795078
107e9b77	6	0.1	20	0.0002	false	0.45848682360009585	0.007351086454233848
107e9b77	7	0.1	20	0.0002	false	0.5436011903315447	0.011328113485368543
107e9b77	8	0.1	20	0.0002	false	0.8740158264930586	0.025135721595352857
107e9b77	9	0.1	20	0.0002	false	0.8040664590883179	0.03600854332833306
107e9b77	neutral	0.1	20	0.0002	true	0.7074163131847145	2.94123764407733e-7
125b9263	0	0.0	20	0.0004	false	0.7083347905182735	0.013875670597182003
125b9263	1	0.0	20	0.0004	false	0.7982350204378801	0.008442202873709956
125b9263	2	0.0	20	0.0004	false	0.8127302304891513	0.013537427231086927
125b9263	3	0.0	20	0.0004	false	0.7284957163661236	0.009124993788362777
125b9263	4	0.0	20	0.0004	false	0.6153092603955692	0.0174051234431911
125b9263	5	0.0	20	0.0004	false	0.7553162530243274	0.01674337520151813
125b9263	6	0.0	20	0.0004	false	0.5170922698977587	0.013929061690993946
125b9263	7	0.0	20	0.0004	false	0.9325185219522603	0.021692739969779766
125b9263	8	0.0	20	0.0004	false	0.5173891177949765	0.012718336245452039
125b9263	9	0.0	20	0.0004	false	0.63475948533171	0.006888884551896659
125b9263	neutral	0.0	20	0.0004	true	0.49489307359344736	-2.3464118638468195e-7
131e35de	0	0.0	60	0.0001	false	0.8443107357320537	0.004051455703465289
131e35de	1	0.0	60	0.0001	false	0.7394217494540511	0.003572112475739601
131e35de	2	0.0	60	0.0001	false	0.716102350579457	0.003720445321925324
131e35de	3	0.0	60	0.0001	false	0.8065001125090335	0.0047198961043467885
131e35de	4	0.0	60	0.0001	false	0.7592926380072105	0.004853899605709268
131e35de	5	0.0	60	0.0001	false	0.7526689540486666	0.005987747306401178
131e35de	6	0.0	60	0.0001	false	0.6807155013528253	0.003712981697097897
131e35de	7	0.0	60	0.0001	false	0.7652065645824614	0.003940915176390482
131e35de	8	0.0	60	0.0001	false	0.7478254491213344	0.003969046509510965
131e35de	9	0.0	60	0.0001	false	0.6880364159855636	0.00601764979070847
131e35de	neutral	0.0	60	0.0001	true	0.06444944974951505	-5.629661342992037e-9
13d2d753	0	0.0	20	0.001	false	0.6573255331644843	0.013950006150183209
13d2d753	1	0.0	20	0.001	false	0.6938794421526238	0.010084253689630798
13d2d753	2	0.0	20	0.001	false	0.705261730559645	0.008725801997547602
13d2d753	3	0.0	20	0.001	false	0.6808524496902844	0.011248435870394357
13d2d753	4	0.0	20	0.001	false	0.8461532222662256	0.016356754546588206
13d2d753	5	0.0	20	0.001	false	0.6206324830283795	0.022062742858815747
13d2d753	6	0.0	20	0.001	false	0.7335198631142069	0.01321459081428233
13d2d753	7	0.0	20	0.001	false	0.5370487762511318	0.012839252323710507
13d2d753	8	0.0	20	0.001	false	0.6923311144550274	0.010395113958004574
13d2d753	9	0.0	20	0.001	false	0.7760248971663297	0.015435430455304424
13d2d753	neutral	0.0	20	0.001	true	0.43016639233626996	-3.0299067403957857e-7
1404189f	0	0.0	70	0.0001	false	0.8939316561297637	0.0067486335115605435
1404189f	1	0.0	70	0.0001	false	0.9039922822326749	0.004992964905123677
1404189f	2	0.0	70	0.0001	false	0.7962431637030989	0.002724047531989954
1404189f	3	0.0	70	0.0001	false	0.7798863921622952	0.0028231674758760214
1404189f	4	0.0	70	0.0001	false	0.6477388031402118	0.002554197146376888
1404189f	5	0.0	70	0.0001	false	0.6777893532793691	0.00431315664528003
1404189f	6	0.0	70	0.0001	false	0.8019452166694437	0.004701410733063342
1404189f	7	0.0	70	0.0001	false	0.7221952831189997	0.0026055525210084236
1404189f	8	0.0	70	0.0001	false	0.5589380448147783	0.0035355082422688067
1404189f	9	0.0	70	0.0001	false	0.67537255164338	0.0034636394067994623
1404189f	neutral	0.0	70	0.0001	true	0.47399735968411805	-9.813956745399711e-8
1415a38e	0	0.0	80	0.0006000000000000001	false	0.7453708965548542	0.0034314034548428296
1415a38e	1	0.0	80	0.0006000000000000001	false	0.8534155599582303	0.004432708990966643
1415a38e	2	0.0	80	0.0006000000000000001	false	0.7148900781872349	0.005358423343982457
1415a38e	3	0.0	80	0.0006000000000000001	false	0.2669270546228937	0.003908062360173386
1415a38e	4	0.0	80	0.0006000000000000001	false	0.7387265170555383	0.005974843241679595
1415a38e	5	0.0	80	0.0006000000000000001	false	0.7277116950200399	0.0036457427220244797
1415a38e	6	0.0	80	0.0006000000000000001	false	0.7767326425476848	0.004383133055127468
1415a38e	7	0.0	80	0.0006000000000000001	false	0.8040361230724902	0.005034809660969879
1415a38e	8	0.0	80	0.0006000000000000001	false	0.8446875517170326	0.004911508500891194
1415a38e	9	0.0	80	0.0006000000000000001	false	0.5435357347681273	0.003551716056377057
1415a38e	neutral	0.0	80	0.0006000000000000001	true	0.26534714371308954	-8.0396591301532e-8
15d38b43	0	0.0	70	0.0002	false	0.7931814881027798	0.006043105000265209
15d38b43	1	0.0	70	0.0002	false	0.7323455736501518	0.003799614737955914
15d38b43	2	0.0	70	0.0002	false	0.6928928120528732	0.004610649258503131
15d38b43	3	0.0	70	0.0002	false	0.7830393043706311	0.003630968667128856
15d38b43	4	0.0	70	0.0002	false	0.7426427079784881	0.004997192904011903
15d38b43	5	0.0	70	0.0002	false	0.8336547584230805	0.00595574201872067
15d38b43	6	0.0	70	0.0002	false	0.7792638125317981	0.005084814440041626
15d38b43	7	0.0	70	0.0002	false	0.8431205429304888	0.006802301007181416
15d38b43	8	0.0	70	0.0002	false	0.633603079996906	0.004336627937587873
15d38b43	9	0.0	70	0.0002	false	0.7504741178735841	0.003816200705025643
15d38b43	neutral	0.0	70	0.0002	true	0.23561849740017093	-6.155342964384751e-8
171c83e4	0	0.1	20	0.00030000000000000003	false	0.7645533139445825	0.01536731093065668
171c83e4	1	0.1	20	0.00030000000000000003	false	0.2909813502727112	0.007483893581456374
171c83e4	2	0.1	20	0.00030000000000000003	false	0.9868403176277617	0.025723810054423746
171c83e4	3	0.1	20	0.00030000000000000003	false	0.917735711749619	0.0179065710721162
171c83e4	4	0.1	20	0.00030000000000000003	false	0.4261153935437213	0.01661257119211414
171c83e4	5	0.1	20	0.00030000000000000003	false	0.5906173295525163	0.006032858269998616
171c83e4	6	0.1	20	0.00030000000000000003	false	0.8606424554169387	0.016331328314384438
171c83e4	7	0.1	20	0.00030000000000000003	false	0.8867299088253938	0.02438625518788974
171c83e4	8	0.1	20	0.00030000000000000003	false	0.790190414872728	0.01009341016532107
171c83e4	9	0.1	20	0.00030000000000000003	false	0.860807846883202	0.02083526913365872
171c83e4	neutral	0.1	20	0.00030000000000000003	true	0.17725713595236325	1.7599955240969023e-7
1a79cbc7	0	0.1	30	0.00030000000000000003	false	0.7559662238482394	0.015990337035062172
1a79cbc7	1	0.1	30	0.00030000000000000003	false	0.5710294954356904	0.01596534594579189
1a79cbc7	2	0.1	30	0.00030000000000000003	false	0.7543279778461777	0.011150061536395533
1a79cbc7	3	0.1	30	0.00030000000000000003	false	0.9077738895223373	0.009934019222719765
1a79cbc7	4	0.1	30	0.00030000000000000003	false	0.7392440466167018	0.014685345206135339
1a79cbc7	5	0.1	30	0.00030000000000000003	false	0.5400106484867662	0.014927556213358133
1a79cbc7	6	0.1	30	0.00030000000000000003	false	0.5788838660227467	0.011555701611688075
1a79cbc7	7	0.1	30	0.00030000000000000003	false	0.36276545803099824	0.008477731016589047
1a79cbc7	8	0.1	30	0.00030000000000000003	false	0.5937821208440415	0.009904063882227837
1a79cbc7	9	0.1	30	0.00030000000000000003	false	0.7273813728973928	0.010094943895848233
1a79cbc7	neutral	0.1	30	0.00030000000000000003	true	0.07110652395185357	-7.003120240818672e-8
1d9e43eb	0	0.0	50	0.001	false	0.27787426386504543	0.005735498314990945
1d9e43eb	1	0.0	50	0.001	false	0.6265371771063064	0.00413228113095961
1d9e43eb	2	0.0	50	0.001	false	0.6333982893338868	0.006030283528450276
1d9e43eb	3	0.0	50	0.001	false	0.7092257482478366	0.014222214020175608
1d9e43eb	4	0.0	50	0.001	false	0.8110546628742364	0.007567286185640852
1d9e43eb	5	0.0	50	0.001	false	0.7982650361642415	0.007445060905911172
1d9e43eb	6	0.0	50	0.001	false	0.7543631745241256	0.006691966630398577
1d9e43eb	7	0.0	50	0.001	false	0.662168934967633	0.005252748846972702
1d9e43eb	8	0.0	50	0.001	false	0.668191262789623	0.0074536662073027265
1d9e43eb	9	0.0	50	0.001	false	0.7971074457213434	0.007775627358879554
1d9e43eb	neutral	0.0	50	0.001	true	0.14560893083274218	-5.2108241545552534e-8
2035ed4d	0	0.0	100	0.0008	false	0.677857488637599	0.004352019882989027
2035ed4d	1	0.0	100	0.0008	false	0.6889340238579618	0.002533613714967331
2035ed4d	2	0.0	100	0.0008	false	0.6244310470742418	0.006642730929566523
2035ed4d	3	0.0	100	0.0008	false	0.8080846744741417	0.0044195781977647165
2035ed4d	4	0.0	100	0.0008	false	0.6547541748849004	0.0030962084293521238
2035ed4d	5	0.0	100	0.0008	false	0.8040962803514619	0.006097828240715927
2035ed4d	6	0.0	100	0.0008	false	0.7979866620239952	0.005968342386353166
2035ed4d	7	0.0	100	0.0008	false	0.7289849273383002	0.003888168828007864
2035ed4d	8	0.0	100	0.0008	false	0.7848324970596713	0.0026281582815542727
2035ed4d	9	0.0	100	0.0008	false	0.7679835127393996	0.004439097001002739
2035ed4d	neutral	0.0	100	0.0008	true	0.29456414425282484	-8.582930496039577e-8
238b7563	0	0.0	20	0.0002	false	0.7146983150115178	0.011322451137144241
238b7563	1	0.0	20	0.0002	false	0.10510382815674801	0.0023583372569081643
238b7563	2	0.0	20	0.0002	false	0.9233462873339061	0.011761231139704736
238b7563	3	0.0	20	0.0002	false	0.8147844634745995	0.007132569538806517
238b7563	4	0.0	20	0.0002	false	0.673894888083453	0.01953809990882657
238b7563	5	0.0	20	0.0002	false	0.7682380248062077	0.010607227581844994
238b7563	6	0.0	20	0.0002	false	0.9250831949390547	0.012789325955931234
238b7563	7	0.0	20	0.0002	false	0.5050177181408377	0.013216702214586049
238b7563	8	0.0	20	0.0002	false	0.594050495011851	0.0077075961036060705
238b7563	9	0.0	20	0.0002	false	0.8592742665046809	0.016788717964683394
238b7563	neutral	0.0	20	0.0002	true	0.19408106177005235	-1.2752145680593455e-7
257d81d7	0	0.0	50	0.0001	false	0.6808711523054676	0.0044176091831309
257d81d7	1	0.0	50	0.0001	false	0.8906596155900286	0.004593216476350129
257d81d7	2	0.0	50	0.0001	false	0.7848107169958469	0.002455038128793731
257d81d7	3	0.0	50	0.0001	false	0.7738863146496341	0.013607913799616608
257d81d7	4	0.0	50	0.0001	false	0.8254145595115601	0.006469732406896959
257d81d7	5	0.0	50	0.0001	false	0.7410600297255578	0.004011733602022577
257d81d7	6	0.0	50	0.0001	false	0.7856712339276917	0.00838473431555518
257d81d7	7	0.0	50	0.0001	false	0.7506697128938266	0.004747861860250179
257d81d7	8	0.0	50	0.0001	false	0.9062293437400902	0.005495316255932294
257d81d7	9	0.0	50	0.0001	false	0.817907503409834	0.008399968582340878
257d81d7	neutral	0.0	50	0.0001	true	0.061550200438949654	-9.316091933521327e-9
27308eef	0	0.1	10	0.0006000000000000001	false	0.9244231471233348	0.024727364088081207
27308eef	1	0.1	10	0.0006000000000000001	false	0.7503118761536818	0.026793989056993955
27308eef	2	0.1	10	0.0006000000000000001	false	0.8942510619056786	0.016049898064763868
27308eef	3	0.1	10	0.0006000000000000001	false	0.6668804612169936	0.02467229827731339
27308eef	4	0.1	10	0.0006000000000000001	false	0.8622699450515834	0.044154225059376835
27308eef	5	0.1	10	0.0006000000000000001	false	0.7479294515539943	0.011716132016441802
27308eef	6	0.1	10	0.0006000000000000001	false	0.4677693165313822	0.018163422195106492
27308eef	7	0.1	10	0.0006000000000000001	false	0.5972186706899092	0.040264689223922366
27308eef	8	0.1	10	0.0006000000000000001	false	0.5935864594711628	0.02756748885965977
27308eef	9	0.1	10	0.0006000000000000001	false	0.867778850470063	0.032821786992858495
27308eef	neutral	0.1	10	0.0006000000000000001	true	0.22203721056255332	-4.350877499071608e-7
282ea6dc	0	0.0	40	0.0004	false	0.8236046644995793	0.006657908046072332
282ea6dc	1	0.0	40	0.0004	false	0.5731367106158285	0.0060608386105264695
282ea6dc	2	0.0	40	0.0004	false	0.5505127016818612	0.005609047047537606
282ea6dc	3	0.0	40	0.0004	false	0.8089618447370607	0.007226117962092429
282ea6dc	4	0.0	40	0.0004	false	0.4470471953966546	0.012321148417982998
282ea6dc	5	0.0	40	0.0004	false	0.7833651284819951	0.007134089815937582
282ea6dc	6	0.0	40	0.0004	false	0.753650840934754	0.005696163157942918
282ea6dc	7	0.0	40	0.0004	false	0.8043467876736158	0.005671388101758477
282ea6dc	8	0.0	40	0.0004	false	0.6058624365871474	0.007196147490055077
282ea6dc	9	0.0	40	0.0004	false	0.6261612655049348	0.007602545709613027
282ea6dc	neutral	0.0	40	0.0004	true	0.4161143275106628	-9.162203983658977e-8
2a1e1bbb	0	0.1	20	0.0007000000000000001	false	0.6288498291137615	0.017094346082588405
2a1e1bbb	1	0.1	20	0.0007000000000000001	false	0.5976040816572634	0.008010953959280963
2a1e1bbb	2	0.1	20	0.0007000000000000001	false	0.7911304773893028	0.015976639809262155
2a1e1bbb	3	0.1	20	0.0007000000000000001	false	0.5701536469925994	0.013604991369082392
2a1e1bbb	4	0.1	20	0.0007000000000000001	false	0.8189351146729138	0.03738738307933869
2a1e1bbb	5	0.1	20	0.0007000000000000001	false	0.6890445357875126	0.01625697643331719
2a1e1bbb	6	0.1	20	0.0007000000000000001	false	0.7880308605235277	0.030875535119333084
2a1e1bbb	7	0.1	20	0.0007000000000000001	false	0.7253033016540777	0.013585580790790709
2a1e1bbb	8	0.1	20	0.0007000000000000001	false	0.4667077787897309	0.018768050553638033
2a1e1bbb	9	0.1	20	0.0007000000000000001	false	0.7458248509705235	0.008770999256441153
2a1e1bbb	neutral	0.1	20	0.0007000000000000001	true	0.009559644217116858	-4.334959347053228e-8
2c8f54c8	0	0.0	20	0.0007000000000000001	false	0.5642284191897335	0.01564240535022088
2c8f54c8	1	0.0	20	0.0007000000000000001	false	0.6968777377478315	0.019430896425198494
2c8f54c8	2	0.0	20	0.0007000000000000001	false	0.6311639502539019	0.016163168450867637
2c8f54c8	3	0.0	20	0.0007000000000000001	false	0.8178414677617264	0.023065580303520315
2c8f54c8	4	0.0	20	0.0007000000000000001	false	0.7842908034945211	0.010255651966170537
2c8f54c8	5	0.0	20	0.0007000000000000001	false	0.6206664048724426	0.017981265775736572
2c8f54c8	6	0.0	20	0.0007000000000000001	false	0.9352839830737559	0.02628508030352826
2c8f54c8	7	0.0	20	0.0007000000000000001	false	0.7093507701570043	0.020146434933132906
2c8f54c8	8	0.0	20	0.0007000000000000001	false	0.8163277111434236	0.019490447585464088
2c8f54c8	9	0.0	20	0.0007000000000000001	false	0.6731529731429549	0.020730220276296105
2c8f54c8	neutral	0.0	20	0.0007000000000000001	true	0.27170722724800656	-2.554994752735554e-7
2d86466d	0	0.0	30	0.0004	false	0.8329248698647984	0.0070544469143073284
2d86466d	1	0.0	30	0.0004	false	0.7717062751467126	0.009765219439851543
2d86466d	2	0.0	30	0.0004	false	0.6793234980136629	0.006363469282071767
2d86466d	3	0.0	30	0.0004	false	0.7299400359827604	0.013341908998757536
2d86466d	4	0.0	30	0.0004	false	0.5690682534485729	0.006523185317161107
2d86466d	5	0.0	30	0.0004	false	0.6638874444036088	0.010698220218164366
2d86466d	6	0.0	30	0.0004	false	0.7893238869028948	0.014966933747864473
2d86466d	7	0.0	30	0.0004	false	0.42253674919308715	0.007626260851510915
2d86466d	8	0.0	30	0.0004	false	0.7289416236712253	0.017330421450115572
2d86466d	9	0.0	30	0.0004	false	0.7938586060004723	0.012325553921364042
2d86466d	neutral	0.0	30	0.0004	true	0.15770681025148303	-9.573609113097942e-8
336a246e	0	0.0	60	0.0008	false	0.5063197997279454	0.008110962067212754
336a246e	1	0.0	60	0.0008	false	0.8083796638254486	0.005832326666233529
336a246e	2	0.0	60	0.0008	false	0.6171099072323665	0.010572715400954488
336a246e	3	0.0	60	0.0008	false	0.5212093593412754	0.005737039775024134
336a246e	4	0.0	60	0.0008	false	0.6247701353437017	0.004933909143357992
336a246e	5	0.0	60	0.0008	false	0.7481765553055653	0.00561809262190535
336a246e	6	0.0	60	0.0008	false	0.7481107562506757	0.007735680510972371
336a246e	7	0.0	60	0.0008	false	0.6015657343561598	0.004712163762572589
336a246e	8	0.0	60	0.0008	false	0.7802265307204566	0.0053825922604885685
336a246e	9	0.0	60	0.0008	false	0.7181352288617906	0.005325521864046219
336a246e	neutral	0.0	60	0.0008	true	0.25756264606938895	-5.794257571908975e-8
34416f80	0	0.0	20	0.0001	false	0.7960452530191976	0.008653088440702698
34416f80	1	0.0	20	0.0001	false	0.7158091653469969	0.008607010187942821
34416f80	2	0.0	20	0.0001	false	0.9280090426568249	0.018782632681244926
34416f80	3	0.0	20	0.0001	false	0.8988509476411637	0.01299860322411559
34416f80	4	0.0	20	0.0001	false	0.9317545398305667	0.011421722868457627
34416f80	5	0.0	20	0.0001	false	0.6267434385190862	0.008276075114823688
34416f80	6	0.0	20	0.0001	false	0.8069123965610285	0.022069742909277875
34416f80	7	0.0	20	0.0001	false	0.9029900664549174	0.008646243916887895
34416f80	8	0.0	20	0.0001	false	0.8533758637113023	0.014038043159352679
34416f80	9	0.0	20	0.0001	false	0.36625581865955414	0.006693515163026885
34416f80	neutral	0.0	20	0.0001	true	0.10303901110483871	-1.0273454896807517e-7
364a8a51	0	0.0	80	0.001	false	0.7508025546561145	0.007384985378928504
364a8a51	1	0.0	80	0.001	false	0.8688567251670907	0.004775796998311288
364a8a51	2	0.0	80	0.001	false	0.5079217276272425	0.008427656932480713
364a8a51	3	0.0	80	0.001	false	0.7057029833591494	0.005701377796896566
364a8a51	4	0.0	80	0.001	false	0.33301477300045823	0.004037382665384872
364a8a51	5	0.0	80	0.001	false	0.8362658888997847	0.004102207129498693
364a8a51	6	0.0	80	0.001	false	0.6655319738234382	0.004304235731019102
364a8a51	7	0.0	80	0.001	false	0.6643236379305641	0.004851619526394512
364a8a51	8	0.0	80	0.001	false	0.7268954255106104	0.006000188100731751
364a8a51	9	0.0	80	0.001	false	0.6805957809441588	0.0049604556260975825
364a8a51	neutral	0.0	80	0.001	true	0.17260911125522482	-4.1580334394120036e-8
36b80da7	0	0.1	20	0.0008	false	0.694498803656838	0.00920406895492184
36b80da7	1	0.1	20	0.0008	false	0.6529336320274899	0.017257753609092503
36b80da7	2	0.1	20	0.0008	false	0.5950398836819526	0.014715115538933307
36b80da7	3	0.1	20	0.0008	false	0.6671683378485542	0.023029550399985235
36b80da7	4	0.1	20	0.0008	false	0.8236626578834326	0.016154020066156273
36b80da7	5	0.1	20	0.0008	false	0.6693610155957523	0.012782447044769654
36b80da7	6	0.1	20	0.0008	false	0.6767065489527166	0.008447324498196972
36b80da7	7	0.1	20	0.0008	false	0.7395274810614336	0.01029324083866415
36b80da7	8	0.1	20	0.0008	false	0.801086970030395	0.023294453709999063
36b80da7	9	0.1	20	0.0008	false	0.6347230381603146	0.009108247318953397
36b80da7	neutral	0.1	20	0.0008	true	0.08516918771456328	-1.3574629929908138e-7
37d1d34b	0	0.0	10	0.0005	false	0.6810184420532774	0.05769225365416947
37d1d34b	1	0.0	10	0.0005	false	0.6734853964978921	0.02112460030690166
37d1d34b	2	0.0	10	0.0005	false	0.42050968643934683	0.026082285148680953
37d1d34b	3	0.0	10	0.0005	false	0.7458457809326391	0.02538858744067632
37d1d34b	4	0.0	10	0.0005	false	0.757051627198939	0.03964471964632786
37d1d34b	5	0.0	10	0.0005	false	0.7670076086079122	0.019715268582397617
37d1d34b	6	0.0	10	0.0005	false	0.8017535948834233	0.014205710617739259
37d1d34b	7	0.0	10	0.0005	false	0.8715549199685723	0.023756132330513158
37d1d34b	8	0.0	10	0.0005	false	0.7544352896463821	0.014618553024879919
37d1d34b	9	0.0	10	0.0005	false	0.6666132847495188	0.02167793732950719
37d1d34b	neutral	0.0	10	0.0005	true	0.7428974113611797	-5.304406961424149e-7
3889f11a	0	0.0	20	0.0008	false	0.7533407018214361	0.012198454254610051
3889f11a	1	0.0	20	0.0008	false	0.5809054804210141	0.010594672512595119
3889f11a	2	0.0	20	0.0008	false	0.6097291502669769	0.009853841842470262
3889f11a	3	0.0	20	0.0008	false	0.8272575337111695	0.021317609052499263
3889f11a	4	0.0	20	0.0008	false	0.7215938390517795	0.015009255233141842
3889f11a	5	0.0	20	0.0008	false	0.6991505883117408	0.013627800770803679
3889f11a	6	0.0	20	0.0008	false	0.7491369536730884	0.018581198309745032
3889f11a	7	0.0	20	0.0008	false	0.43386096703766364	0.01443360404122046
3889f11a	8	0.0	20	0.0008	false	0.8077065352197973	0.013306087744893285
3889f11a	9	0.0	20	0.0008	false	0.7330356773453626	0.009345395053605907
3889f11a	neutral	0.0	20	0.0008	true	0.3221542029163148	-1.2084509955069623e-7
3be486bf	0	0.0	50	0.0005	false	0.7604694595350884	0.008950757733825341
3be486bf	1	0.0	50	0.0005	false	0.6610165016476643	0.008370890443643442
3be486bf	2	0.0	50	0.0005	false	0.5148705957579636	0.005920498052826515
3be486bf	3	0.0	50	0.0005	false	0.6387833603718893	0.008456650902491187
3be486bf	4	0.0	50	0.0005	false	0.7557812755195056	0.007747219848260023
3be486bf	5	0.0	50	0.0005	false	0.719940288807142	0.005494437076861143
3be486bf	6	0.0	50	0.0005	false	0.6439947752932206	0.0047172124848191156
3be486bf	7	0.0	50	0.0005	false	0.38291067338700613	0.007344632117557029
3be486bf	8	0.0	50	0.0005	false	0.6094139503022946	0.007211860241642852
3be486bf	9	0.0	50	0.0005	false	0.6241996461311664	0.00788890052222127
3be486bf	neutral	0.0	50	0.0005	true	0.2885185897414987	-9.187008294184984e-8
404cf84a	0	0.0	10	0.0007000000000000001	false	0.8431239118823771	0.022410115477594587
404cf84a	1	0.0	10	0.0007000000000000001	false	0.8533270633896045	0.03691736298673556
404cf84a	2	0.0	10	0.0007000000000000001	false	0.653671569280151	0.013657981381220926
404cf84a	3	0.0	10	0.0007000000000000001	false	0.9141042196176765	0.02372406848047462
404cf84a	4	0.0	10	0.0007000000000000001	false	0.7093921799671741	0.05863641245241762
404cf84a	5	0.0	10	0.0007000000000000001	false	0.6344355489012161	0.044067078947090076
404cf84a	6	0.0	10	0.0007000000000000001	false	0.9499138406927541	0.04163076475532408
404cf84a	7	0.0	10	0.0007000000000000001	false	0.7979647774814591	0.01666143407666216
404cf84a	8	0.0	10	0.0007000000000000001	false	0.9387140689801529	0.03505952404729852
404cf84a	9	0.0	10	0.0007000000000000001	false	0.7722954247683201	0.05133021746722621
404cf84a	neutral	0.0	10	0.0007000000000000001	true	0.38205428488710824	-6.720674151458191e-7
4163eb0c	0	0.0	40	0.0005	false	0.6082223189342748	0.00553409143143792
4163eb0c	1	0.0	40	0.0005	false	0.8829359000933853	0.01124517540541027
4163eb0c	2	0.0	40	0.0005	false	0.7124411313761367	0.008914235043102353
4163eb0c	3	0.0	40	0.0005	false	0.7752892598655188	0.006655886531578964
4163eb0c	4	0.0	40	0.0005	false	0.7782493289281096	0.005480320399005006
4163eb0c	5	0.0	40	0.0005	false	0.5893035309081474	0.006600915498233704
4163eb0c	6	0.0	40	0.0005	false	0.2980400266501806	0.004508779644204307
4163eb0c	7	0.0	40	0.0005	false	0.8025890995119132	0.00554813158028281
4163eb0c	8	0.0	40	0.0005	false	0.4422416515322257	0.008773925696386364
4163eb0c	9	0.0	40	0.0005	false	0.6944353264283354	0.008508669569764605
4163eb0c	neutral	0.0	40	0.0005	true	0.2586465281423759	-7.112406442902572e-8
4960e27a	0	0.0	80	0.0005	false	0.5343696520148524	0.004473322669812268
4960e27a	1	0.0	80	0.0005	false	0.6772689351843978	0.006470331280892304
4960e27a	2	0.0	80	0.0005	false	0.8164631894253338	0.005004690610512901
4960e27a	3	0.0	80	0.0005	false	0.7968639544018907	0.004455371978459287
4960e27a	4	0.0	80	0.0005	false	0.8272564883104808	0.005758176402097033
4960e27a	5	0.0	80	0.0005	false	0.7916608875263945	0.0036565971463927496
4960e27a	6	0.0	80	0.0005	false	0.5305777310259848	0.002069754740999291
4960e27a	7	0.0	80	0.0005	false	0.6949658132261454	0.003657127878475297
4960e27a	8	0.0	80	0.0005	false	0.6146272456890263	0.0034181365013920594
4960e27a	9	0.0	80	0.0005	false	0.6832043586211718	0.003249229223366392
4960e27a	neutral	0.0	80	0.0005	true	0.2433036123726221	-4.848077210130534e-8
4a949c4c	0	0.0	50	0.0007000000000000001	false	0.8571533589814373	0.006758555309311618
4a949c4c	1	0.0	50	0.0007000000000000001	false	0.7725671811526298	0.007220778818173264
4a949c4c	2	0.0	50	0.0007000000000000001	false	0.6179212080020495	0.007923989668420431
4a949c4c	3	0.0	50	0.0007000000000000001	false	0.710313852720373	0.005701905032011299
4a949c4c	4	0.0	50	0.0007000000000000001	false	0.7759127851277401	0.008247354092957931
4a949c4c	5	0.0	50	0.0007000000000000001	false	0.525828294571359	0.008593895098273118
4a949c4c	6	0.0	50	0.0007000000000000001	false	0.7240919646353511	0.00423948899995522
4a949c4c	7	0.0	50	0.0007000000000000001	false	0.7297052234903523	0.005373122620984567
4a949c4c	8	0.0	50	0.0007000000000000001	false	0.8944979189240482	0.006777528870620615
4a949c4c	9	0.0	50	0.0007000000000000001	false	0.7257294776789565	0.0041827241456922045
4a949c4c	neutral	0.0	50	0.0007000000000000001	true	0.20230327692023709	-8.187548925551218e-8
4aa28151	0	0.0	30	0.0002	false	0.7987030418698646	0.011687203379249856
4aa28151	1	0.0	30	0.0002	false	0.7965059747283624	0.007370885238616165
4aa28151	2	0.0	30	0.0002	false	0.558199452506488	0.008816169040979399
4aa28151	3	0.0	30	0.0002	false	0.8413697395284496	0.0037265032313568143
4aa28151	4	0.0	30	0.0002	false	0.817341435443006	0.019642031580767855
4aa28151	5	0.0	30	0.0002	false	0.9031675783379818	0.014965678085248194
4aa28151	6	0.0	30	0.0002	false	0.6758970871265408	0.009220410953318844
4aa28151	7	0.0	30	0.0002	false	0.8601476427696292	0.009338050136744748
4aa28151	8	0.0	30	0.0002	false	0.7650962826159791	0.007025510254250874
4aa28151	9	0.0	30	0.0002	false	0.5044005351019893	0.014097575802662635
4aa28151	neutral	0.0	30	0.0002	true	0.06988967074783337	-1.3186457752571944e-8
4b6399c8	0	0.0	30	0.00030000000000000003	false	0.8447434393243675	0.007725583069474914
4b6399c8	1	0.0	30	0.00030000000000000003	false	0.8376804786598058	0.01234969963968219
4b6399c8	2	0.0	30	0.00030000000000000003	false	0.7599457819693399	0.008750473904753794
4b6399c8	3	0.0	30	0.00030000000000000003	false	0.829772393780346	0.016104568794613403
4b6399c8	4	0.0	30	0.00030000000000000003	false	0.775283131460075	0.008877664148167128
4b6399c8	5	0.0	30	0.00030000000000000003	false	0.839025786581796	0.006531427916843399
4b6399c8	6	0.0	30	0.00030000000000000003	false	0.7892327990835067	0.010713495454612209
4b6399c8	7	0.0	30	0.00030000000000000003	false	0.8244466875728	0.009531807808054734
4b6399c8	8	0.0	30	0.00030000000000000003	false	0.8743918741704639	0.00737985516076808
4b6399c8	9	0.0	30	0.00030000000000000003	false	0.8643910258427729	0.007937241865189319
4b6399c8	neutral	0.0	30	0.00030000000000000003	true	0.14116875819084984	-6.15350467870423e-8
4c6758d6	0	0.0	20	0.00030000000000000003	false	0.9342495836416895	0.013650352708341881
4c6758d6	1	0.0	20	0.00030000000000000003	false	0.8868150785399647	0.039381602885829536
4c6758d6	2	0.0	20	0.00030000000000000003	false	0.8710609710792925	0.00886444735257036
4c6758d6	3	0.0	20	0.00030000000000000003	false	0.8524754223183831	0.01827080768647746
4c6758d6	4	0.0	20	0.00030000000000000003	false	0.8107070618128756	0.028317140430518552
4c6758d6	5	0.0	20	0.00030000000000000003	false	0.7142939544496322	0.011128276262208603
4c6758d6	6	0.0	20	0.00030000000000000003	false	0.7171115781557089	0.008232259645844781
4c6758d6	7	0.0	20	0.00030000000000000003	false	0.7919198251394786	0.013949869005503828
4c6758d6	8	0.0	20	0.00030000000000000003	false	0.8964694625558648	0.020523492279729806
4c6758d6	9	0.0	20	0.00030000000000000003	false	0.8150261032352035	0.016751199959802465
4c6758d6	neutral	0.0	20	0.00030000000000000003	true	0.48613663358200265	-2.2386384922545953e-7
4ea9289c	0	0.0	10	0.0002	false	0.8695507899712571	0.05155834806578283
4ea9289c	1	0.0	10	0.0002	false	0.8745561621662261	0.011549987640332125
4ea9289c	2	0.0	10	0.0002	false	0.9536866736684848	0.021450766514869872
4ea9289c	3	0.0	10	0.0002	false	0.8773285445390141	0.022413911549932598
4ea9289c	4	0.0	10	0.0002	false	0.9024132279224609	0.01976343843903519
4ea9289c	5	0.0	10	0.0002	false	0.7034330751426315	0.02552339861308746
4ea9289c	6	0.0	10	0.0002	false	0.8988135219189037	0.0355365845796922
4ea9289c	7	0.0	10	0.0002	false	0.9885389614503978	0.022658009712686417
4ea9289c	8	0.0	10	0.0002	false	0.9438600364217473	0.03213084789121447
4ea9289c	9	0.0	10	0.0002	false	0.7846495074372606	0.026786506218575187
4ea9289c	neutral	0.0	10	0.0002	true	0.5099641077780153	-3.8867891486953283e-7
4f1723bd	0	0.0	70	0.0009000000000000001	false	0.8472208219360267	0.004428301078880935
4f1723bd	1	0.0	70	0.0009000000000000001	false	0.582004292301133	0.004406754296691371
4f1723bd	2	0.0	70	0.0009000000000000001	false	0.7018463609498182	0.0045855444770821025
4f1723bd	3	0.0	70	0.0009000000000000001	false	0.5943196355731983	0.006611021966103941
4f1723bd	4	0.0	70	0.0009000000000000001	false	0.8070299602414176	0.004608460237858745
4f1723bd	5	0.0	70	0.0009000000000000001	false	0.6850748379202722	0.004975908626863714
4f1723bd	6	0.0	70	0.0009000000000000001	false	0.7600693050868003	0.006007017558574436
4f1723bd	7	0.0	70	0.0009000000000000001	false	0.6904485692305431	0.004298854122721651
4f1723bd	8	0.0	70	0.0009000000000000001	false	0.7900238959632637	0.005754360022768181
4f1723bd	9	0.0	70	0.0009000000000000001	false	0.6542827929469281	0.006480691062662764
4f1723bd	neutral	0.0	70	0.0009000000000000001	true	0.19887794990470042	-4.3920124328810956e-8
51fcceb3	0	0.0	10	0.0004	false	0.9360491892387792	0.03234712102958724
51fcceb3	1	0.0	10	0.0004	false	0.69287013781893	0.036113821308200574
51fcceb3	2	0.0	10	0.0004	false	0.7760916135952068	0.016954376066018365
51fcceb3	3	0.0	10	0.0004	false	0.8010091520169209	0.013268449781730357
51fcceb3	4	0.0	10	0.0004	false	0.7627965178666806	0.00923636898855074
51fcceb3	5	0.0	10	0.0004	false	0.6224307316465072	0.0212737276058561
51fcceb3	6	0.0	10	0.0004	false	0.7137106380894267	0.024346845546554207
51fcceb3	7	0.0	10	0.0004	false	0.5893352415305461	0.031964137500667976
51fcceb3	8	0.0	10	0.0004	false	0.9301039125739218	0.011980251864668705
51fcceb3	9	0.0	10	0.0004	false	0.7258790141024755	0.022236079995573504
51fcceb3	neutral	0.0	10	0.0004	true	0.38743373211917354	-2.0727196941373176e-7
534fcacc	0	0.1	20	0.001	false	0.6206242114232111	0.008474450512741705
534fcacc	1	0.1	20	0.001	false	0.48997008733643965	0.012224504737476286
534fcacc	2	0.1	20	0.001	false	0.3415638802429214	0.007330834038631054
534fcacc	3	0.1	20	0.001	false	0.7470789360088967	0.01501739610983066
534fcacc	4	0.1	20	0.001	false	0.7135023638792269	0.019050011011632288
534fcacc	5	0.1	20	0.001	false	0.6224298462381408	0.01253151680925557
534fcacc	6	0.1	20	0.001	false	0.6563260181754762	0.011219225165311111
534fcacc	7	0.1	20	0.001	false	0.7968830773148702	0.01942337006477125
534fcacc	8	0.1	20	0.001	false	0.8809942637201612	0.04146755247116591
534fcacc	9	0.1	20	0.001	false	0.6650991051850474	0.022756167929421804
534fcacc	neutral	0.1	20	0.001	true	0.014200715875972603	-5.221408968771805e-8
5629e2cf	0	0.1	30	0.0004	false	0.6523230794969398	0.010472879275002824
5629e2cf	1	0.1	30	0.0004	false	0.34822256885830083	0.0049004495000447065
5629e2cf	2	0.1	30	0.0004	false	0.6853356369694562	0.008555783104289618
5629e2cf	3	0.1	30	0.0004	false	0.7513973607173013	0.010541982492353476
5629e2cf	4	0.1	30	0.0004	false	0.6137687966813057	0.009361471679828978
5629e2cf	5	0.1	30	0.0004	false	0.8348981329121778	0.015472078845643104
5629e2cf	6	0.1	30	0.0004	false	0.7005199866757874	0.007513508011900209
5629e2cf	7	0.1	30	0.0004	false	0.3832723597436959	0.012654864795158182
5629e2cf	8	0.1	30	0.0004	false	0.8475017801530282	0.008663341524469381
5629e2cf	9	0.1	30	0.0004	false	0.5613552209877728	0.009448901885994012
5629e2cf	neutral	0.1	30	0.0004	true	0.16030255539365712	-1.0639089184892704e-7
56dbb56e	0	0.0	80	0.0004	false	0.637731132072479	0.003520022478946853
56dbb56e	1	0.0	80	0.0004	false	0.6546051482831332	0.004310256603241112
56dbb56e	2	0.0	80	0.0004	false	0.7438061941545596	0.005981168735820195
56dbb56e	3	0.0	80	0.0004	false	0.8061133403738835	0.004780632684243212
56dbb56e	4	0.0	80	0.0004	false	0.6971164113209108	0.00473905949018367
56dbb56e	5	0.0	80	0.0004	false	0.6803581868545672	0.0036620627616662195
56dbb56e	6	0.0	80	0.0004	false	0.863062569150679	0.004466608667406248
56dbb56e	7	0.0	80	0.0004	false	0.7466491201656502	0.003393617154232428
56dbb56e	8	0.0	80	0.0004	false	0.7757054951636786	0.004101761724171885
56dbb56e	9	0.0	80	0.0004	false	0.6946088631515133	0.004352005868944248
56dbb56e	neutral	0.0	80	0.0004	true	0.13402607147149492	-3.324378772614351e-8
5a049a95	0	0.1	20	0.0001	false	0.9524257622727808	0.017276296176360277
5a049a95	1	0.1	20	0.0001	false	0.8612395656869467	0.010694549457070159
5a049a95	2	0.1	20	0.0001	false	0.8398684361315089	0.018919618040629502
5a049a95	3	0.1	20	0.0001	false	0.8784819571081663	0.0076171473350080355
5a049a95	4	0.1	20	0.0001	false	0.7530780223069258	0.011849334835558677
5a049a95	5	0.1	20	0.0001	false	0.39335137589349334	0.01096618030297418
5a049a95	6	0.1	20	0.0001	false	0.8565667365179772	0.013778458975596871
5a049a95	7	0.1	20	0.0001	false	0.7740982600949253	0.010580295655564053
5a049a95	8	0.1	20	0.0001	false	0.9403508832595404	0.0125609768961734
5a049a95	9	0.1	20	0.0001	false	0.7412698727675953	0.016037510448050914
5a049a95	neutral	0.1	20	0.0001	true	0.27592921293997497	1.6777494271366576e-7
5dc94fb9	0	0.0	70	0.0007000000000000001	false	0.597412417347642	0.005810534035888454
5dc94fb9	1	0.0	70	0.0007000000000000001	false	0.7629070726567275	0.005205530727238048
5dc94fb9	2	0.0	70	0.0007000000000000001	false	0.5345008376631488	0.0064403905466685445
5dc94fb9	3	0.0	70	0.0007000000000000001	false	0.6062768920196324	0.003542561425727439
5dc94fb9	4	0.0	70	0.0007000000000000001	false	0.7411707680837527	0.004208943144824456
5dc94fb9	5	0.0	70	0.0007000000000000001	false	0.668821745188551	0.004021405415462527
5dc94fb9	6	0.0	70	0.0007000000000000001	false	0.6999238272251052	0.003752114053501757
5dc94fb9	7	0.0	70	0.0007000000000000001	false	0.8030396387030447	0.005931146625528521
5dc94fb9	8	0.0	70	0.0007000000000000001	false	0.7869479788186126	0.0045102023543422375
5dc94fb9	9	0.0	70	0.0007000000000000001	false	0.8640976303973871	0.005944801620755613
5dc94fb9	neutral	0.0	70	0.0007000000000000001	true	0.14394113533154884	-1.3027590865129854e-7
60746baf	0	0.0	10	0.001	false	0.34202705928589294	0.012075712704753624
60746baf	1	0.0	10	0.001	false	0.6990042998810141	0.017786322963552936
60746baf	2	0.0	10	0.001	false	0.7412647301557967	0.013643965233502779
60746baf	3	0.0	10	0.001	false	0.7776730277182835	0.03287598584696159
60746baf	4	0.0	10	0.001	false	0.9117176660403954	0.040479078367031705
60746baf	5	0.0	10	0.001	false	0.681358215314114	0.02239629686790565
60746baf	6	0.0	10	0.001	false	0.7099482787362478	0.056745678969897476
60746baf	7	0.0	10	0.001	false	0.28792101851306084	0.023370107794599984
60746baf	8	0.0	10	0.001	false	0.8089564652956385	0.020863473768811234
60746baf	9	0.0	10	0.001	false	0.8011780946042091	0.04090481998679541
60746baf	neutral	0.0	10	0.001	true	0.4561775623656884	-5.541875840871558e-7
610589f0	0	0.0	40	0.001	false	0.5429352531250999	0.011261783460068184
610589f0	1	0.0	40	0.001	false	0.8035712448559611	0.006810594470512989
610589f0	2	0.0	40	0.001	false	0.8353312465372152	0.01015539565656326
610589f0	3	0.0	40	0.001	false	0.7203268932870761	0.0048143518531468385
610589f0	4	0.0	40	0.001	false	0.8625546548001082	0.006870982241753193
610589f0	5	0.0	40	0.001	false	0.7051590125262059	0.014238779654951588
610589f0	6	0.0	40	0.001	false	0.7740381799743703	0.009327933063941522
610589f0	7	0.0	40	0.001	false	0.6625116582343997	0.005464255045163461
610589f0	8	0.0	40	0.001	false	0.7741540288360271	0.011137688929052227
610589f0	9	0.0	40	0.001	false	0.7936598455181283	0.007424733215675038
610589f0	neutral	0.0	40	0.001	true	0.3003037404208425	-1.3464867341072255e-7
63654e7e	0	0.0	30	0.0009000000000000001	false	0.7187689675926252	0.011786958079030498
63654e7e	1	0.0	30	0.0009000000000000001	false	0.8295218901668995	0.009869251143382425
63654e7e	2	0.0	30	0.0009000000000000001	false	0.8006536405482972	0.008831902360325874
63654e7e	3	0.0	30	0.0009000000000000001	false	0.709124499550713	0.007167609416399438
63654e7e	4	0.0	30	0.0009000000000000001	false	0.8551874077540366	0.01383505353997217
63654e7e	5	0.0	30	0.0009000000000000001	false	0.7566185641146648	0.020550052952417606
63654e7e	6	0.0	30	0.0009000000000000001	false	0.2800964095121049	0.009782007505082572
63654e7e	7	0.0	30	0.0009000000000000001	false	0.649108696963429	0.008846073794535773
63654e7e	8	0.0	30	0.0009000000000000001	false	0.6775702927277927	0.007593638600266233
63654e7e	9	0.0	30	0.0009000000000000001	false	0.568777639995814	0.011692274106067553
63654e7e	neutral	0.0	30	0.0009000000000000001	true	0.3181392147937365	-1.1782557430918508e-7
653f5604	0	0.0	100	0.0009000000000000001	false	0.8237598483028166	0.004634889707419124
653f5604	1	0.0	100	0.0009000000000000001	false	0.7364913470961107	0.004465445106729139
653f5604	2	0.0	100	0.0009000000000000001	false	0.5176276988849633	0.004525743680777999
653f5604	3	0.0	100	0.0009000000000000001	false	0.7485915691952567	0.0037191689113266536
653f5604	4	0.0	100	0.0009000000000000001	false	0.8560562224339605	0.0038376705978078315
653f5604	5	0.0	100	0.0009000000000000001	false	0.7791769838026701	0.004655118233022422
653f5604	6	0.0	100	0.0009000000000000001	false	0.8053842975467558	0.0042200263954477206
653f5604	7	0.0	100	0.0009000000000000001	false	0.8883243967430151	0.005436603305776421
653f5604	8	0.0	100	0.0009000000000000001	false	0.6343774679613865	0.00411036827207048
653f5604	9	0.0	100	0.0009000000000000001	false	0.8559976586102105	0.005995710594139892
653f5604	neutral	0.0	100	0.0009000000000000001	true	0.3496580609304766	-1.2694720972941874e-7
660b2068	0	0.0	20	0.0005	false	0.7528049338244986	0.009179212468657732
660b2068	1	0.0	20	0.0005	false	0.5695195372180544	0.010167599299327744
660b2068	2	0.0	20	0.0005	false	0.8322118251275541	0.016348882244257745
660b2068	3	0.0	20	0.0005	false	0.8763741596032256	0.015551621717808512
660b2068	4	0.0	20	0.0005	false	0.8697731078223904	0.033936583971391515
660b2068	5	0.0	20	0.0005	false	0.8644315676214227	0.012491594156135658
660b2068	6	0.0	20	0.0005	false	0.8279924671169183	0.01594741808036706
660b2068	7	0.0	20	0.0005	false	0.6662649414779415	0.022931574565851136
660b2068	8	0.0	20	0.0005	false	0.6789994037689719	0.01355458980227673
660b2068	9	0.0	20	0.0005	false	0.6235425925007225	0.009184565816808692
660b2068	neutral	0.0	20	0.0005	true	0.31918334190741193	-2.930148270890183e-7
66524b42	0	0.0	50	0.00030000000000000003	false	0.6721566973779831	0.0031517757145929615
66524b42	1	0.0	50	0.00030000000000000003	false	0.5219362374941112	0.006222516415186499
66524b42	2	0.0	50	0.00030000000000000003	false	0.31384921166734425	0.004169064484937217
66524b42	3	0.0	50	0.00030000000000000003	false	0.8927847655331994	0.010151463801395654
66524b42	4	0.0	50	0.00030000000000000003	false	0.6888682527369191	0.005562006116836231
66524b42	5	0.0	50	0.00030000000000000003	false	0.7757928577849927	0.007644372777941767
66524b42	6	0.0	50	0.00030000000000000003	false	0.6782460671901802	0.007311516737144631
66524b42	7	0.0	50	0.00030000000000000003	false	0.6079419653369738	0.006560128087999014
66524b42	8	0.0	50	0.00030000000000000003	false	0.7526691809860977	0.00505482434996119
66524b42	9	0.0	50	0.00030000000000000003	false	0.663627557963385	0.007787907027212463
66524b42	neutral	0.0	50	0.00030000000000000003	true	0.24335311939936555	-4.932418259106488e-8
677c075a	0	0.0	60	0.0007000000000000001	false	0.8135741317600468	0.005408823285219797
677c075a	1	0.0	60	0.0007000000000000001	false	0.8675392902707799	0.008456721002069734
677c075a	2	0.0	60	0.0007000000000000001	false	0.7273973775854532	0.004479053477517385
677c075a	3	0.0	60	0.0007000000000000001	false	0.7581737021380073	0.009869752395510425
677c075a	4	0.0	60	0.0007000000000000001	false	0.49614608064738286	0.006679196644851206
677c075a	5	0.0	60	0.0007000000000000001	false	0.710065611556871	0.006540443395580556
677c075a	6	0.0	60	0.0007000000000000001	false	0.6618269325568631	0.008088640825399198
677c075a	7	0.0	60	0.0007000000000000001	false	0.7047972515222497	0.004841133324890325
677c075a	8	0.0	60	0.0007000000000000001	false	0.7875014383516743	0.003182558385129016
677c075a	9	0.0	60	0.0007000000000000001	false	0.6205398308566836	0.009394936898556076
677c075a	neutral	0.0	60	0.0007000000000000001	true	0.24815573369333288	-7.574620875366691e-8
68bc9474	0	0.0	80	0.0009000000000000001	false	0.7685432769603485	0.004783272049866413
68bc9474	1	0.0	80	0.0009000000000000001	false	0.7866511834446972	0.005216312377211609
68bc9474	2	0.0	80	0.0009000000000000001	false	0.7891507566487168	0.006230416028538487
68bc9474	3	0.0	80	0.0009000000000000001	false	0.7042852331509573	0.0037137263657579843
68bc9474	4	0.0	80	0.0009000000000000001	false	0.5074142017310668	0.0036637396623709156
68bc9474	5	0.0	80	0.0009000000000000001	false	0.6359138764344412	0.0054244549774775976
68bc9474	6	0.0	80	0.0009000000000000001	false	0.7527344120509016	0.0055629044479700495
68bc9474	7	0.0	80	0.0009000000000000001	false	0.8810187767815268	0.0061939044390712985
68bc9474	8	0.0	80	0.0009000000000000001	false	0.8106504616613819	0.004726620279798915
68bc9474	9	0.0	80	0.0009000000000000001	false	0.7616595668315934	0.003902346652886327
68bc9474	neutral	0.0	80	0.0009000000000000001	true	0.14860779837486526	-4.068561004792099e-8
6ae62a1a	0	0.0	100	0.001	false	0.6387634997195677	0.003930488184244091
6ae62a1a	1	0.0	100	0.001	false	0.8840738535212925	0.0034709122440052527
6ae62a1a	2	0.0	100	0.001	false	0.8162753246941197	0.008100992890973047
6ae62a1a	3	0.0	100	0.001	false	0.6755036018570855	0.004520359704222552
6ae62a1a	4	0.0	100	0.001	false	0.7527240389582412	0.003582172066357163
6ae62a1a	5	0.0	100	0.001	false	0.7905989575929174	0.005508136212307566
6ae62a1a	6	0.0	100	0.001	false	0.8042874704516761	0.003912661769632316
6ae62a1a	7	0.0	100	0.001	false	0.6879962042339838	0.004107186143823584
6ae62a1a	8	0.0	100	0.001	false	0.7029306088584006	0.007594629615100455
6ae62a1a	9	0.0	100	0.001	false	0.8197891919820179	0.004699411119143474
6ae62a1a	neutral	0.0	100	0.001	true	0.2936466010879535	-5.565204560859314e-8
6e7e4703	0	0.0	20	0.0009000000000000001	false	0.818075184645883	0.013568965639548927
6e7e4703	1	0.0	20	0.0009000000000000001	false	0.6306667063802867	0.02227580695890305
6e7e4703	2	0.0	20	0.0009000000000000001	false	0.7436602657624257	0.018457527119030957
6e7e4703	3	0.0	20	0.0009000000000000001	false	0.6948810302065274	0.013879265527201513
6e7e4703	4	0.0	20	0.0009000000000000001	false	0.8166376956502271	0.01996769047225323
6e7e4703	5	0.0	20	0.0009000000000000001	false	0.7272302443067655	0.011044521138382057
6e7e4703	6	0.0	20	0.0009000000000000001	false	0.6789969013701194	0.011902727838716497
6e7e4703	7	0.0	20	0.0009000000000000001	false	0.8589381109206593	0.012470508870340036
6e7e4703	8	0.0	20	0.0009000000000000001	false	0.7979879878047506	0.012640178157545623
6e7e4703	9	0.0	20	0.0009000000000000001	false	0.5852867362182477	0.017426636983842704
6e7e4703	neutral	0.0	20	0.0009000000000000001	true	0.2119579844407785	-1.9259921824823376e-7
6f9f3c76	0	0.0	70	0.0005	false	0.5543942444798433	0.0061658477403042505
6f9f3c76	1	0.0	70	0.0005	false	0.5646970023410649	0.004208643050632077
6f9f3c76	2	0.0	70	0.0005	false	0.7596794372037904	0.0042113534494474456
6f9f3c76	3	0.0	70	0.0005	false	0.479510251218062	0.009342841886289801
6f9f3c76	4	0.0	70	0.0005	false	0.7630603067636085	0.003925386992808874
6f9f3c76	5	0.0	70	0.0005	false	0.6662002558729296	0.004976246318403254
6f9f3c76	6	0.0	70	0.0005	false	0.6927741511104288	0.005377383215755658
6f9f3c76	7	0.0	70	0.0005	false	0.7268031414262583	0.004774578795599927
6f9f3c76	8	0.0	70	0.0005	false	0.6629514190889947	0.004350842217857997
6f9f3c76	9	0.0	70	0.0005	false	0.7705206756338465	0.004669261586175307
6f9f3c76	neutral	0.0	70	0.0005	true	0.17988268463080426	-6.033057228680274e-8
7341528d	0	0.0	100	0.0005	false	0.8681592235062561	0.0030480207299752927
7341528d	1	0.0	100	0.0005	false	0.6406359068760534	0.0024791902186116484
7341528d	2	0.0	100	0.0005	false	0.6650469866177048	0.0037036241709875236
7341528d	3	0.0	100	0.0005	false	0.7576412909345639	0.004637216920663879
7341528d	4	0.0	100	0.0005	false	0.627515704919872	0.0033282414864506294
7341528d	5	0.0	100	0.0005	false	0.7188345547977637	0.0024001894090805963
7341528d	6	0.0	100	0.0005	false	0.7223749456665801	0.0030420683540395926
7341528d	7	0.0	100	0.0005	false	0.7536810381757619	0.003618029583518845
7341528d	8	0.0	100	0.0005	false	0.7094741875984514	0.0037364197641968884
7341528d	9	0.0	100	0.0005	false	0.8154467050668001	0.005797018944844461
7341528d	neutral	0.0	100	0.0005	true	0.40474308477064347	-5.7967757446128136e-8
752bf342	0	0.0	10	0.00030000000000000003	false	0.6721949398633469	0.01723554358585358
752bf342	1	0.0	10	0.00030000000000000003	false	0.9411561332557558	0.017937898929539113
752bf342	2	0.0	10	0.00030000000000000003	false	0.8481074387603824	0.02364734244609938
752bf342	3	0.0	10	0.00030000000000000003	false	0.8189695353823306	0.01626505924231188
752bf342	4	0.0	10	0.00030000000000000003	false	0.8999845622071403	0.02532570183649601
752bf342	5	0.0	10	0.00030000000000000003	false	0.8395455459371993	0.027034907576647352
752bf342	6	0.0	10	0.00030000000000000003	false	0.7938359163014556	0.018681510984413046
752bf342	7	0.0	10	0.00030000000000000003	false	0.6739279543095831	0.020253699950641017
752bf342	8	0.0	10	0.00030000000000000003	false	0.7014638756258451	0.016620533902991463
752bf342	9	0.0	10	0.00030000000000000003	false	0.8826503813237147	0.04466368451638008
752bf342	neutral	0.0	10	0.00030000000000000003	true	0.7213471666064601	-5.295062099381058e-7
7a1b3add	0	0.1	10	0.0004	false	0.7614621731374489	0.04179228406325278
7a1b3add	1	0.1	10	0.0004	false	0.8228697746788723	0.02630710566907892
7a1b3add	2	0.1	10	0.0004	false	0.5720977912084424	0.053392115406020686
7a1b3add	3	0.1	10	0.0004	false	0.7633234023611188	0.021853548922306985
7a1b3add	4	0.1	10	0.0004	false	0.7093476250089986	0.02535715858194908
7a1b3add	5	0.1	10	0.0004	false	0.8865824721979532	0.021553027705993887
7a1b3add	6	0.1	10	0.0004	false	0.759227896611204	0.011661180650392513
7a1b3add	7	0.1	10	0.0004	false	0.8788244195788444	0.03224971914718515
7a1b3add	8	0.1	10	0.0004	false	0.6587498279688374	0.023353275626999754
7a1b3add	9	0.1	10	0.0004	false	0.9660798497061438	0.018790841770586618
7a1b3add	neutral	0.1	10	0.0004	true	0.6596931289979564	-5.751032749439034e-7
7e08c100	0	0.0	40	0.0008	false	0.6401626879800162	0.005535909585646038
7e08c100	1	0.0	40	0.0008	false	0.7383538371796837	0.012057438907362264
7e08c100	2	0.0	40	0.0008	false	0.7931885952819768	0.009892416040647075
7e08c100	3	0.0	40	0.0008	false	0.6624135927485547	0.008010752961095446
7e08c100	4	0.0	40	0.0008	false	0.8135169560871849	0.00667538415758175
7e08c100	5	0.0	40	0.0008	false	0.7101116367461586	0.008847484321609906
7e08c100	6	0.0	40	0.0008	false	0.7861512236692605	0.003991004454343299
7e08c100	7	0.0	40	0.0008	false	0.5399433503078747	0.010054320236759517
7e08c100	8	0.0	40	0.0008	false	0.7528301619635991	0.010748556383541798
7e08c100	9	0.0	40	0.0008	false	0.5582461500197529	0.0037462163092805713
7e08c100	neutral	0.0	40	0.0008	true	0.2856954348516074	-1.5817526349464752e-7
7e7839c9	0	0.0	90	0.0007000000000000001	false	0.8386225764660702	0.004792622435750642
7e7839c9	1	0.0	90	0.0007000000000000001	false	0.7362736721868115	0.0033859094230977633
7e7839c9	2	0.0	90	0.0007000000000000001	false	0.5836196039084649	0.003416927942542946
7e7839c9	3	0.0	90	0.0007000000000000001	false	0.7540560697711437	0.006540416718641653
7e7839c9	4	0.0	90	0.0007000000000000001	false	0.8019633956628963	0.003793267626800347
7e7839c9	5	0.0	90	0.0007000000000000001	false	0.7053022247118174	0.0052818932015120095
7e7839c9	6	0.0	90	0.0007000000000000001	false	0.8555574040769138	0.004709395525515425
7e7839c9	7	0.0	90	0.0007000000000000001	false	0.5892037073444598	0.004347645823927365
7e7839c9	8	0.0	90	0.0007000000000000001	false	0.7986096118076904	0.004553455956605888
7e7839c9	9	0.0	90	0.0007000000000000001	false	0.728649569340938	0.004557685693090003
7e7839c9	neutral	0.0	90	0.0007000000000000001	true	0.25224113470817755	-4.8907872491397935e-8
7ec8c5f8	0	0.0	90	0.00030000000000000003	false	0.44733811682699265	0.002726705965089737
7ec8c5f8	1	0.0	90	0.00030000000000000003	false	0.7074916622104357	0.002509896051021281
7ec8c5f8	2	0.0	90	0.00030000000000000003	false	0.6082668986218962	0.0034000294276474337
7ec8c5f8	3	0.0	90	0.00030000000000000003	false	0.7546232017887552	0.00475823661378657
7ec8c5f8	4	0.0	90	0.00030000000000000003	false	0.6727614362309521	0.0027326430942394425
7ec8c5f8	5	0.0	90	0.00030000000000000003	false	0.812802915980351	0.0027465572377697828
7ec8c5f8	6	0.0	90	0.00030000000000000003	false	0.6630017398667605	0.004055317702707437
7ec8c5f8	7	0.0	90	0.00030000000000000003	false	0.7495746859646	0.0033218996393626745
7ec8c5f8	8	0.0	90	0.00030000000000000003	false	0.5709932091585566	0.0029904554316738316
7ec8c5f8	9	0.0	90	0.00030000000000000003	false	0.624174136289045	0.004279280486213689
7ec8c5f8	neutral	0.0	90	0.00030000000000000003	true	0.14221270921765983	-3.7977572585437807e-8
83983a20	0	0.0	10	0.0006000000000000001	false	0.9044733890885088	0.017265279108929568
83983a20	1	0.0	10	0.0006000000000000001	false	0.650918226993706	0.061181568549986215
83983a20	2	0.0	10	0.0006000000000000001	false	0.7939562408714622	0.019067571690098283
83983a20	3	0.0	10	0.0006000000000000001	false	0.9253108084516617	0.03846541233480806
83983a20	4	0.0	10	0.0006000000000000001	false	0.666921312769283	0.014360764957262703
83983a20	5	0.0	10	0.0006000000000000001	false	0.6865552936448487	0.01891829704364284
83983a20	6	0.0	10	0.0006000000000000001	false	0.9173479935323386	0.03296700989533829
83983a20	7	0.0	10	0.0006000000000000001	false	0.6773176775612809	0.025076758155320743
83983a20	8	0.0	10	0.0006000000000000001	false	0.7981662785173578	0.026757404789088616
83983a20	9	0.0	10	0.0006000000000000001	false	0.8365655189103627	0.017702358513816893
83983a20	neutral	0.0	10	0.0006000000000000001	true	0.4546759412308161	-2.910859607728244e-7
84861c24	0	0.1	30	0.0007000000000000001	false	0.6568158090003773	0.007849619800352014
84861c24	1	0.1	30	0.0007000000000000001	false	0.7444578100525874	0.011444863230259634
84861c24	2	0.1	30	0.0007000000000000001	false	0.7483280669555913	0.010084769076421427
84861c24	3	0.1	30	0.0007000000000000001	false	0.5465548616049825	0.004981669181725277
84861c24	4	0.1	30	0.0007000000000000001	false	0.6145003335152202	0.00588779520670775
84861c24	5	0.1	30	0.0007000000000000001	false	0.8012614352283985	0.011265089368900695
84861c24	6	0.1	30	0.0007000000000000001	false	0.7061165431033335	0.014482096855305536
85d5b51c	0	0.0	30	0.0005	false	0.7627673756085137	0.022769097619464503
85d5b51c	1	0.0	30	0.0005	false	0.8512417084503862	0.01160139572662859
85d5b51c	2	0.0	30	0.0005	false	0.720140210340176	0.013370248197800349
85d5b51c	3	0.0	30	0.0005	false	0.8506948866070823	0.011885014501012219
85d5b51c	4	0.0	30	0.0005	false	0.8540158603939719	0.013241419388347239
85d5b51c	5	0.0	30	0.0005	false	0.8125928003853276	0.009248487298086236
85d5b51c	6	0.0	30	0.0005	false	0.4647608155251485	0.008056915241216015
85d5b51c	7	0.0	30	0.0005	false	0.2715451293088481	0.003431521433901449
85d5b51c	8	0.0	30	0.0005	false	0.8320436843277472	0.009077224517959677
85d5b51c	9	0.0	30	0.0005	false	0.8031240845469393	0.009992195790156462
85d5b51c	neutral	0.0	30	0.0005	true	0.0888145927684193	-5.5302595685690855e-8
87c5b84b	0	0.0	40	0.0006000000000000001	false	0.7634777026812809	0.010947775409696317
87c5b84b	1	0.0	40	0.0006000000000000001	false	0.43794353107267603	0.005531396589053407
87c5b84b	2	0.0	40	0.0006000000000000001	false	0.7215985611100412	0.011593293286669295
87c5b84b	3	0.0	40	0.0006000000000000001	false	0.7391880902870231	0.007894298477062495
87c5b84b	4	0.0	40	0.0006000000000000001	false	0.7040999003315246	0.006911050131056521
87c5b84b	5	0.0	40	0.0006000000000000001	false	0.8172101671009719	0.012218193501964606
87c5b84b	6	0.0	40	0.0006000000000000001	false	0.8196683052589435	0.00846078856762328
87c5b84b	7	0.0	40	0.0006000000000000001	false	0.7126674631317642	0.010135822061569653
87c5b84b	8	0.0	40	0.0006000000000000001	false	0.6588435640906998	0.007445286960364786
87c5b84b	9	0.0	40	0.0006000000000000001	false	0.3692031289268384	0.005384381108295492
87c5b84b	neutral	0.0	40	0.0006000000000000001	true	0.3352468191528666	-1.8489498178670988e-7
88489803	0	0.0	60	0.0009000000000000001	false	0.6832230881493064	0.007149627005892203
88489803	1	0.0	60	0.0009000000000000001	false	0.6414303842757891	0.004192835365110599
88489803	2	0.0	60	0.0009000000000000001	false	0.8421125418815902	0.009603364914242988
88489803	3	0.0	60	0.0009000000000000001	false	0.5337761455318546	0.004004209458714641
88489803	4	0.0	60	0.0009000000000000001	false	0.7695997535234922	0.0076726718527475295
88489803	5	0.0	60	0.0009000000000000001	false	0.8195376145779498	0.0088304458574478
88489803	6	0.0	60	0.0009000000000000001	false	0.7385665174296037	0.007547120352546846
88489803	7	0.0	60	0.0009000000000000001	false	0.7750248624888456	0.007161142734516502
88489803	8	0.0	60	0.0009000000000000001	false	0.7520281301274687	0.00488796173862125
88489803	9	0.0	60	0.0009000000000000001	false	0.5202014972818246	0.0054024120757027805
88489803	neutral	0.0	60	0.0009000000000000001	true	0.33510238078635535	-8.975721842346542e-8
8855d6e4	0	0.1	20	0.0006000000000000001	false	0.6359935702333411	0.007512260033666279
8855d6e4	1	0.1	20	0.0006000000000000001	false	0.7571688773531425	0.019516091041286543
8855d6e4	2	0.1	20	0.0006000000000000001	false	0.7268301411248228	0.01617649286043709
8855d6e4	3	0.1	20	0.0006000000000000001	false	0.8111356018070484	0.02466217852313044
8855d6e4	4	0.1	20	0.0006000000000000001	false	0.7613725011306645	0.01575079899186618
8855d6e4	5	0.1	20	0.0006000000000000001	false	0.7762397241751182	0.021177297801784168
8855d6e4	6	0.1	20	0.0006000000000000001	false	0.8210696254901092	0.015564470037188048
8855d6e4	7	0.1	20	0.0006000000000000001	false	0.8379008398357551	0.014994661023979075
8855d6e4	8	0.1	20	0.0006000000000000001	false	0.7434207191873083	0.01592859640793511
8855d6e4	9	0.1	20	0.0006000000000000001	false	0.6807784361306544	0.014710935000558539
8855d6e4	neutral	0.1	20	0.0006000000000000001	true	0.04223682276168039	-1.5160082173055313e-7
8d306c39	0	0.0	90	0.0001	false	0.9184158991139646	0.003582129511959295
8d306c39	1	0.0	90	0.0001	false	0.681399578857913	0.0029145982544422273
8d306c39	2	0.0	90	0.0001	false	0.8849882448860709	0.002311213248860085
8d306c39	3	0.0	90	0.0001	false	0.4328471930615474	0.002650997254867168
8d306c39	4	0.0	90	0.0001	false	0.9398226470585352	0.002640552821435446
8d306c39	5	0.0	90	0.0001	false	0.849833516770549	0.0036873592865693016
8d306c39	6	0.0	90	0.0001	false	0.7634231841843067	0.0026677461343823728
8d306c39	7	0.0	90	0.0001	false	0.6839758476201817	0.004685330299789647
8d306c39	8	0.0	90	0.0001	false	0.7625383206074803	0.003339609683751037
8d306c39	9	0.0	90	0.0001	false	0.32236564870318185	0.0024353643830186352
8d306c39	neutral	0.0	90	0.0001	true	0.032586109919025	-1.1876135235781241e-8
9593a33e	0	0.0	30	0.0008	false	0.7410201174066262	0.008762635662250957
9593a33e	1	0.0	30	0.0008	false	0.7725559851171424	0.009838705091314421
9593a33e	2	0.0	30	0.0008	false	0.5310269710443146	0.015008024919614803
9593a33e	3	0.0	30	0.0008	false	0.7376622599022232	0.009661318856385017
9593a33e	4	0.0	30	0.0008	false	0.7362212505514307	0.01506947379329969
9593a33e	5	0.0	30	0.0008	false	0.762247148523414	0.00823812025120917
9593a33e	6	0.0	30	0.0008	false	0.3671755439692769	0.006384763771714552
9593a33e	7	0.0	30	0.0008	false	0.7578227102343247	0.017667659950330285
9593a33e	8	0.0	30	0.0008	false	0.716148624737059	0.013784209712114555
9593a33e	9	0.0	30	0.0008	false	0.5240361720632811	0.007315123337809288
9593a33e	neutral	0.0	30	0.0008	true	0.41334121066990115	-1.4886496061523215e-7
974227c4	0	0.0	80	0.00030000000000000003	false	0.7295955800968462	0.003591789826322434
974227c4	1	0.0	80	0.00030000000000000003	false	0.75889640015118	0.004923981214905822
974227c4	2	0.0	80	0.00030000000000000003	false	0.5650770909125173	0.003836493157920806
974227c4	3	0.0	80	0.00030000000000000003	false	0.8802183669190781	0.0030415035645545607
974227c4	4	0.0	80	0.00030000000000000003	false	0.6543678163346426	0.0036861993596585384
974227c4	5	0.0	80	0.00030000000000000003	false	0.6619423622549541	0.0036459174917016146
974227c4	6	0.0	80	0.00030000000000000003	false	0.7388988109102674	0.0021430069253295077
974227c4	7	0.0	80	0.00030000000000000003	false	0.4322611662224538	0.00418837126345834
974227c4	8	0.0	80	0.00030000000000000003	false	0.6410680586978028	0.004093587064673292
974227c4	9	0.0	80	0.00030000000000000003	false	0.5770089545320429	0.004411131633511953
974227c4	neutral	0.0	80	0.00030000000000000003	true	0.15274447675350755	-4.007972502697853e-8
9afdd6ef	0	0.0	60	0.0005	false	0.7849831045326734	0.0050120948446644945
9afdd6ef	1	0.0	60	0.0005	false	0.7530294371235343	0.003866806461374491
9afdd6ef	2	0.0	60	0.0005	false	0.6770426127986737	0.006277031306827342
9afdd6ef	3	0.0	60	0.0005	false	0.8148027512024738	0.004946469775557406
9afdd6ef	4	0.0	60	0.0005	false	0.7276395383385371	0.004679876573557237
9afdd6ef	5	0.0	60	0.0005	false	0.8270275689136092	0.005175585240790379
9afdd6ef	6	0.0	60	0.0005	false	0.5219843056984224	0.004773337726636611
9afdd6ef	7	0.0	60	0.0005	false	0.7926034183835144	0.004544183514749697
9afdd6ef	8	0.0	60	0.0005	false	0.6676856176295235	0.005430703803328274
9afdd6ef	9	0.0	60	0.0005	false	0.7378224532227105	0.006133578313607603
9afdd6ef	neutral	0.0	60	0.0005	true	0.18857657439517106	-2.6652797974940754e-8
a0941f96	0	0.0	10	0.0008	false	0.7563820145299822	0.026173322043024472
a0941f96	1	0.0	10	0.0008	false	0.8601422103131027	0.01906179516819774
a0941f96	2	0.0	10	0.0008	false	0.4401753391746761	0.023948116863362057
a0941f96	3	0.0	10	0.0008	false	0.5944975071873246	0.03192603220075977
a0941f96	4	0.0	10	0.0008	false	0.7949065602027816	0.03763101293096531
a0941f96	5	0.0	10	0.0008	false	0.7706627538288255	0.041211831835272904
a0941f96	6	0.0	10	0.0008	false	0.6408191657901838	0.01827488093363921
a0941f96	7	0.0	10	0.0008	false	0.6398349057776322	0.018494106155248678
a0941f96	8	0.0	10	0.0008	false	0.8681864102321393	0.03963807440477462
a0941f96	9	0.0	10	0.0008	false	0.8347030410346843	0.03962948531885478
a0941f96	neutral	0.0	10	0.0008	true	0.3311484023442546	-2.946566325148169e-7
a3445a40	0	0.0	60	0.0006000000000000001	false	0.6244558728314809	0.006660834650516838
a3445a40	1	0.0	60	0.0006000000000000001	false	0.736568921175262	0.006243078985521023
a3445a40	2	0.0	60	0.0006000000000000001	false	0.7505033699321356	0.005615949915494811
a3445a40	3	0.0	60	0.0006000000000000001	false	0.7121584295545642	0.006903813124786351
a3445a40	4	0.0	60	0.0006000000000000001	false	0.6768560471672078	0.003458084676817794
a3445a40	5	0.0	60	0.0006000000000000001	false	0.8524994413242521	0.0051899618556287335
a3445a40	6	0.0	60	0.0006000000000000001	false	0.8753449000908967	0.006805094199250155
a3445a40	7	0.0	60	0.0006000000000000001	false	0.6329765614277205	0.008285031370146616
a3445a40	8	0.0	60	0.0006000000000000001	false	0.8035930478866303	0.005052971707795256
a3445a40	9	0.0	60	0.0006000000000000001	false	0.7310669245065904	0.00582119150882546
a3445a40	neutral	0.0	60	0.0006000000000000001	true	0.1787416829844275	-5.06196337476192e-8
a4a4574a	0	0.0	90	0.0004	false	0.7913445750419996	0.0031896655481865907
a4a4574a	1	0.0	90	0.0004	false	0.8337098932886684	0.0031395610692857862
a4a4574a	2	0.0	90	0.0004	false	0.75313216370103	0.004129397542118315
a4a4574a	3	0.0	90	0.0004	false	0.7329434413178663	0.006044530131964264
a4a4574a	4	0.0	90	0.0004	false	0.6692924026900173	0.0037630355024880512
a4a4574a	5	0.0	90	0.0004	false	0.6975270613661262	0.002738687652914894
a4a4574a	6	0.0	90	0.0004	false	0.840629115661875	0.002817990260320895
a4a4574a	7	0.0	90	0.0004	false	0.7595860148608984	0.0049846540230297645
a4a4574a	8	0.0	90	0.0004	false	0.7995129396304128	0.004290018828505557
a4a4574a	9	0.0	90	0.0004	false	0.7794084189731754	0.003913291350685585
a4a4574a	neutral	0.0	90	0.0004	true	0.1538045668841217	-3.044803849715547e-8
a67bfdb5	0	0.1	10	0.0008	false	0.625522602477695	0.032520218116311776
a67bfdb5	1	0.1	10	0.0008	false	0.8758757390216931	0.04939617957680935
a67bfdb5	2	0.1	10	0.0008	false	0.4999483275643707	0.04516050558949753
a67bfdb5	3	0.1	10	0.0008	false	0.49757261458102897	0.01489796436825492
a67bfdb5	4	0.1	10	0.0008	false	0.4509940451296395	0.08175458016240653
a67bfdb5	5	0.1	10	0.0008	false	0.7081688252938915	0.03690580815197433
a67bfdb5	6	0.1	10	0.0008	false	0.852191918080439	0.021462442831756478
a67bfdb5	7	0.1	10	0.0008	false	0.7585010124731014	0.0341316884815798
a67bfdb5	8	0.1	10	0.0008	false	0.8514498592815529	0.014993435335623617
a67bfdb5	9	0.1	10	0.0008	false	0.8977377810523626	0.09003498890254957
a67bfdb5	neutral	0.1	10	0.0008	true	0.19795499692698793	-4.024471246911053e-7
a6b8ebcb	0	0.0	100	0.0004	false	0.5626275729255108	0.0035860981627779866
a6b8ebcb	1	0.0	100	0.0004	false	0.8027455438302912	0.003607671841546069
a6b8ebcb	2	0.0	100	0.0004	false	0.664443666322714	0.002996695411837664
a6b8ebcb	3	0.0	100	0.0004	false	0.8064063203288846	0.0033030465844042607
a6b8ebcb	4	0.0	100	0.0004	false	0.6721244234607759	0.0032814748491418674
a6b8ebcb	5	0.0	100	0.0004	false	0.861489111173955	0.0031020563659631085
a6b8ebcb	6	0.0	100	0.0004	false	0.7474826281427889	0.002573986288024378
a6b8ebcb	7	0.0	100	0.0004	false	0.7497267252232349	0.004163750818588486
a6b8ebcb	8	0.0	100	0.0004	false	0.8003889748372948	0.003283915387737864
a6b8ebcb	9	0.0	100	0.0004	false	0.41322040403829297	0.0023466307276554196
a6b8ebcb	neutral	0.0	100	0.0004	true	0.23847522916732156	-7.303646887601072e-8
a75a21da	0	0.1	30	0.0002	false	0.8063193030698624	0.00952944018553
a75a21da	1	0.1	30	0.0002	false	0.9011824629660101	0.006296878256394743
a75a21da	2	0.1	30	0.0002	false	0.7389806965899203	0.0044655230904175934
a75a21da	3	0.1	30	0.0002	false	0.8016309472044705	0.007602155813698383
a75a21da	4	0.1	30	0.0002	false	0.8708591695220622	0.007347471832003328
a75a21da	5	0.1	30	0.0002	false	0.7501650278108919	0.009477236789899231
a75a21da	6	0.1	30	0.0002	false	0.7264914803898772	0.007814011755808004
a75a21da	7	0.1	30	0.0002	false	0.7335143019225208	0.006555383820909894
a75a21da	8	0.1	30	0.0002	false	0.7881600467636389	0.006317786913246842
a75a21da	9	0.1	30	0.0002	false	0.8722556409097162	0.012582616105238498
a75a21da	neutral	0.1	30	0.0002	true	0.015143457201194255	-2.9241492377049492e-8
aa1397a8	0	0.0	100	0.0007000000000000001	false	0.7783511054572583	0.005398514523146453
aa1397a8	1	0.0	100	0.0007000000000000001	false	0.7904132914735962	0.004943898777053641
aa1397a8	2	0.0	100	0.0007000000000000001	false	0.7919598635216517	0.0028435562405064287
aa1397a8	3	0.0	100	0.0007000000000000001	false	0.7283906475751372	0.006972902300457121
aa1397a8	4	0.0	100	0.0007000000000000001	false	0.6660446088672126	0.005781913292910561
aa1397a8	5	0.0	100	0.0007000000000000001	false	0.5063504111342498	0.0030287722212748495
aa1397a8	6	0.0	100	0.0007000000000000001	false	0.8521706334438828	0.004821669468031638
aa1397a8	7	0.0	100	0.0007000000000000001	false	0.8210390566746473	0.0033933117345999707
aa1397a8	8	0.0	100	0.0007000000000000001	false	0.8073361924858043	0.0037605093975593114
aa1397a8	9	0.0	100	0.0007000000000000001	false	0.6342042630529681	0.003072470876973458
aa1397a8	neutral	0.0	100	0.0007000000000000001	true	0.19178336761831494	-3.547108088825603e-8
ab65f550	0	0.0	80	0.0001	false	0.7079246462463364	0.0061406904062479535
ab65f550	1	0.0	80	0.0001	false	0.7879964773938002	0.0022272593307196575
ab65f550	2	0.0	80	0.0001	false	0.3839804302556722	0.002678246532182227
ab65f550	3	0.0	80	0.0001	false	0.7912957732311238	0.002975959584298359
ab65f550	4	0.0	80	0.0001	false	0.7915980351543532	0.003066998882405341
ab65f550	5	0.0	80	0.0001	false	0.7741251632442504	0.002389429116582186
ab65f550	6	0.0	80	0.0001	false	0.8517182119433893	0.002931737901817023
ab65f550	7	0.0	80	0.0001	false	0.8567992133837631	0.0026496089622201164
ab65f550	8	0.0	80	0.0001	false	0.7448299178628149	0.002707243200086207
ab65f550	9	0.0	80	0.0001	false	0.7342107364917871	0.003573816375741136
ab65f550	neutral	0.0	80	0.0001	true	0.4392941215734958	-8.318340056932455e-8
ac85ac02	0	0.0	90	0.0002	false	0.7029875446408292	0.002618792838635891
ac85ac02	1	0.0	90	0.0002	false	0.6866237693672407	0.0027276971936418394
ac85ac02	2	0.0	90	0.0002	false	0.7814931932687332	0.0027779766468472135
ac85ac02	3	0.0	90	0.0002	false	0.7081079357768894	0.003852077303160073
ac85ac02	4	0.0	90	0.0002	false	0.6346974755435557	0.0032150938602912176
ac85ac02	5	0.0	90	0.0002	false	0.6705160652133032	0.0035389467473819973
ac85ac02	6	0.0	90	0.0002	false	0.42354440110221614	0.003079635859147064
ac85ac02	7	0.0	90	0.0002	false	0.8888330937343613	0.004481540469121542
ac85ac02	8	0.0	90	0.0002	false	0.7954150022316517	0.004456172699843177
ac85ac02	9	0.0	90	0.0002	false	0.7985479362836911	0.0036399889539349296
ac85ac02	neutral	0.0	90	0.0002	true	0.2524560414388436	-2.948143306758558e-8
ae838738	0	0.0	10	0.0001	false	0.8214329678029817	0.015643550190034966
ae838738	1	0.0	10	0.0001	false	0.9839657586114137	0.01303675792245397
ae838738	2	0.0	10	0.0001	false	0.9126344407545979	0.01709214522443662
ae838738	3	0.0	10	0.0001	false	0.9367731834083521	0.02865355766431347
ae838738	4	0.0	10	0.0001	false	0.721178818998289	0.02438644212709395
ae838738	5	0.0	10	0.0001	false	0.9734497156069633	0.01314088436906413
ae838738	6	0.0	10	0.0001	false	0.9207590828164668	0.017748733392701638
ae838738	7	0.0	10	0.0001	false	0.8235514372580953	0.01324190825939533
ae838738	8	0.0	10	0.0001	false	0.6080418736999936	0.01453542758366123
ae838738	9	0.0	10	0.0001	false	0.7852294382415592	0.013561712634171389
ae838738	neutral	0.0	10	0.0001	true	0.37243268567129617	-6.378450992142368e-7
aea4e5b3	0	0.0	90	0.0008	false	0.6910493294325755	0.004751928229480371
aea4e5b3	1	0.0	90	0.0008	false	0.7362364713415588	0.0036577967993408197
aea4e5b3	2	0.0	90	0.0008	false	0.7288993041049816	0.004517597291596296
aea4e5b3	3	0.0	90	0.0008	false	0.8098353469293784	0.004239183478449641
aea4e5b3	4	0.0	90	0.0008	false	0.5988566148410801	0.004768389666533395
aea4e5b3	5	0.0	90	0.0008	false	0.7590871786334077	0.00545607446666632
aea4e5b3	6	0.0	90	0.0008	false	0.6560216141423534	0.004797021958351261
aea4e5b3	7	0.0	90	0.0008	false	0.8208679377353552	0.00477198751811356
aea4e5b3	8	0.0	90	0.0008	false	0.6731903558174799	0.00415652394079117
aea4e5b3	9	0.0	90	0.0008	false	0.8291704624713583	0.00508803934106401
aea4e5b3	neutral	0.0	90	0.0008	true	0.0794423198209333	-3.193764040185764e-8
b1ca9ecb	0	0.0	70	0.00030000000000000003	false	0.8101734831335907	0.005542395117553447
b1ca9ecb	1	0.0	70	0.00030000000000000003	false	0.7143504095468569	0.004838224225855786
b1ca9ecb	2	0.0	70	0.00030000000000000003	false	0.8048897414913825	0.007719594187307449
b1ca9ecb	3	0.0	70	0.00030000000000000003	false	0.8163527573969361	0.0034682008444936463
b1ca9ecb	4	0.0	70	0.00030000000000000003	false	0.3158463715051194	0.0029300207076033953
b1ca9ecb	5	0.0	70	0.00030000000000000003	false	0.5666476408155879	0.004917340979982958
b1ca9ecb	6	0.0	70	0.00030000000000000003	false	0.618179989072063	0.003365231948093791
b1ca9ecb	7	0.0	70	0.00030000000000000003	false	0.727279419748309	0.002816758172914649
b1ca9ecb	8	0.0	70	0.00030000000000000003	false	0.836410536523481	0.0041869533265197914
b1ca9ecb	9	0.0	70	0.00030000000000000003	false	0.8280641837045818	0.003621255102755976
b1ca9ecb	neutral	0.0	70	0.00030000000000000003	true	0.24539326412813123	-4.430031217391056e-8
b41e4d5b	0	0.0	90	0.001	false	0.814134672495316	0.0041372918603801495
b41e4d5b	1	0.0	90	0.001	false	0.5467583327418224	0.0049683896080382805
b41e4d5b	2	0.0	90	0.001	false	0.7034186991951843	0.004446960695424614
b41e4d5b	3	0.0	90	0.001	false	0.41047399146431174	0.005039674133928759
b41e4d5b	4	0.0	90	0.001	false	0.8731669398908505	0.006837351372390956
b41e4d5b	5	0.0	90	0.001	false	0.7101416771411124	0.0041320895865502895
b41e4d5b	6	0.0	90	0.001	false	0.8346330626717544	0.005755623382758319
b41e4d5b	7	0.0	90	0.001	false	0.6583730930508236	0.004732830850485472
b41e4d5b	8	0.0	90	0.001	false	0.6944760392547482	0.004560074062053951
b41e4d5b	9	0.0	90	0.001	false	0.8446680369093695	0.0040901623878026655
b41e4d5b	neutral	0.0	90	0.001	true	0.25689333122664104	-5.749320110030494e-8
b56850f4	0	0.0	100	0.0006000000000000001	false	0.7715075261087245	0.003502928147981855
b56850f4	1	0.0	100	0.0006000000000000001	false	0.7157216471947709	0.003067432332017564
b56850f4	2	0.0	100	0.0006000000000000001	false	0.6503619404724585	0.00415952446706049
b56850f4	3	0.0	100	0.0006000000000000001	false	0.7005903568142305	0.004707808205941739
b56850f4	4	0.0	100	0.0006000000000000001	false	0.6766324594972412	0.004460648986426536
b56850f4	5	0.0	100	0.0006000000000000001	false	0.7220013371057503	0.0034418780279678817
b56850f4	6	0.0	100	0.0006000000000000001	false	0.7758103371277707	0.0034047482558643358
b56850f4	7	0.0	100	0.0006000000000000001	false	0.7891663901845076	0.004380712952920085
b56850f4	8	0.0	100	0.0006000000000000001	false	0.9032153791490699	0.0033398984731471478
b56850f4	9	0.0	100	0.0006000000000000001	false	0.7429603196075555	0.004579492838802318
b56850f4	neutral	0.0	100	0.0006000000000000001	true	0.12426724072650386	-4.761105035802784e-8
b5c513c1	0	0.0	50	0.0009000000000000001	false	0.7585879999017009	0.00832869828202864
b5c513c1	1	0.0	50	0.0009000000000000001	false	0.6419925466580517	0.005941846960443576
b5c513c1	2	0.0	50	0.0009000000000000001	false	0.7347808880590387	0.005789171725355978
b5c513c1	3	0.0	50	0.0009000000000000001	false	0.8326279898460884	0.008799198353938434
b5c513c1	4	0.0	50	0.0009000000000000001	false	0.6534430807500797	0.008111533776880423
b5c513c1	5	0.0	50	0.0009000000000000001	false	0.6547832871380901	0.008194453274192414
b5c513c1	6	0.0	50	0.0009000000000000001	false	0.5303745191481255	0.004534200853248236
b5c513c1	7	0.0	50	0.0009000000000000001	false	0.7949480931401823	0.00529698950663217
b5c513c1	8	0.0	50	0.0009000000000000001	false	0.6083792537719158	0.0056306471157717706
b5c513c1	9	0.0	50	0.0009000000000000001	false	0.6694400887547605	0.006461916689126081
b5c513c1	neutral	0.0	50	0.0009000000000000001	true	0.10805915920436926	-7.399236763033477e-8
b62ae611	0	0.0	90	0.0006000000000000001	false	0.5898201943884056	0.0037668176910885015
b62ae611	1	0.0	90	0.0006000000000000001	false	0.8158263677973352	0.00519668051953473
b62ae611	2	0.0	90	0.0006000000000000001	false	0.7951454024489337	0.0031310197113207376
b62ae611	3	0.0	90	0.0006000000000000001	false	0.7406851846942308	0.0025512174648050184
b62ae611	4	0.0	90	0.0006000000000000001	false	0.6526542385882359	0.003907015938003938
b62ae611	5	0.0	90	0.0006000000000000001	false	0.7597968167538287	0.0037293031172228783
b62ae611	6	0.0	90	0.0006000000000000001	false	0.6881479173416485	0.0021931773758019977
b62ae611	7	0.0	90	0.0006000000000000001	false	0.5543376867216696	0.0031923023083057418
b62ae611	8	0.0	90	0.0006000000000000001	false	0.7602963280415354	0.003431152881348658
b62ae611	9	0.0	90	0.0006000000000000001	false	0.6812652443291907	0.005058274408669878
b62ae611	neutral	0.0	90	0.0006000000000000001	true	0.18911777704494148	-4.0946430365410106e-8
b95c5e59	0	0.0	40	0.0007000000000000001	false	0.8078927591929272	0.005884580898018157
b95c5e59	1	0.0	40	0.0007000000000000001	false	0.8395038249592814	0.015116700916261341
b95c5e59	2	0.0	40	0.0007000000000000001	false	0.6349515522632012	0.00528541829369215
b95c5e59	3	0.0	40	0.0007000000000000001	false	0.714286054014423	0.005341540688129084
b95c5e59	4	0.0	40	0.0007000000000000001	false	0.6449544930955977	0.008312633823083938
b95c5e59	5	0.0	40	0.0007000000000000001	false	0.750159520735334	0.008648312667114723
b95c5e59	6	0.0	40	0.0007000000000000001	false	0.829802103542567	0.01267865136572731
b95c5e59	7	0.0	40	0.0007000000000000001	false	0.7668726465175735	0.0068391904613245
b95c5e59	8	0.0	40	0.0007000000000000001	false	0.42002669482095933	0.006693403573844953
b95c5e59	9	0.0	40	0.0007000000000000001	false	0.6726552071948597	0.007358324351499358
b95c5e59	neutral	0.0	40	0.0007000000000000001	true	0.2404979475309007	-1.533702516932241e-7
bc08cd30	0	0.1	10	0.00030000000000000003	false	0.43700480674734776	0.01597299491834697
bc08cd30	1	0.1	10	0.00030000000000000003	false	0.8960025798051418	0.014592906543688099
bc08cd30	2	0.1	10	0.00030000000000000003	false	0.8817281456945074	0.029865302746594716
bc08cd30	3	0.1	10	0.00030000000000000003	false	0.8806415263681651	0.034561130747634256
bc08cd30	4	0.1	10	0.00030000000000000003	false	0.6910067629098615	0.014100102665722983
bc08cd30	5	0.1	10	0.00030000000000000003	false	0.8898740393710171	0.02349463452097513
bc08cd30	6	0.1	10	0.00030000000000000003	false	0.956776972895097	0.01634502181594264
bc08cd30	7	0.1	10	0.00030000000000000003	false	0.8272685228399457	0.015487288198754338
bc08cd30	8	0.1	10	0.00030000000000000003	false	0.7821429455961595	0.023355346337509526
bc08cd30	9	0.1	10	0.00030000000000000003	false	0.9701401380275338	0.028710895955795776
bc08cd30	neutral	0.1	10	0.00030000000000000003	true	0.009600190802471875	-7.504484252581831e-8
bffa6ff6	0	0.0	30	0.0001	false	0.8071262565765137	0.014667615053270848
bffa6ff6	1	0.0	30	0.0001	false	0.7504736189793139	0.009092301515020886
bffa6ff6	2	0.0	30	0.0001	false	0.8715689810032635	0.0071670060333997344
bffa6ff6	3	0.0	30	0.0001	false	0.9570752972852772	0.01420912213796474
bffa6ff6	4	0.0	30	0.0001	false	0.793212467434646	0.0055806489410933306
bffa6ff6	5	0.0	30	0.0001	false	0.702639308150744	0.010170046693270395
bffa6ff6	6	0.0	30	0.0001	false	0.9341664643836872	0.01839018297369401
bffa6ff6	7	0.0	30	0.0001	false	0.8749701602907658	0.005607077377662393
bffa6ff6	8	0.0	30	0.0001	false	0.5193536880152385	0.004659256147682509
bffa6ff6	9	0.0	30	0.0001	false	0.6243104032657214	0.0063545695706694804
bffa6ff6	neutral	0.0	30	0.0001	true	0.20702975598058404	-5.8393317500517986e-8
c19ba933	0	0.0	10	0.0009000000000000001	false	0.8539045856341707	0.03637879646755499
c19ba933	1	0.0	10	0.0009000000000000001	false	0.7569804158994022	0.015033103647162495
c19ba933	2	0.0	10	0.0009000000000000001	false	0.88857998281289	0.05980345724472172
c19ba933	3	0.0	10	0.0009000000000000001	false	0.5266818690863314	0.016550917270117538
c19ba933	4	0.0	10	0.0009000000000000001	false	0.724401098449498	0.021182616799325763
c19ba933	5	0.0	10	0.0009000000000000001	false	0.7800443118932836	0.023771560019796398
c19ba933	6	0.0	10	0.0009000000000000001	false	0.9107610087181383	0.03291923497685313
c19ba933	7	0.0	10	0.0009000000000000001	false	0.5364489819946356	0.01559197967121737
c19ba933	8	0.0	10	0.0009000000000000001	false	0.8568499087361217	0.03517517000432695
c19ba933	9	0.0	10	0.0009000000000000001	false	0.771094886721533	0.02729301476324948
c19ba933	neutral	0.0	10	0.0009000000000000001	true	0.31629419410144866	-4.985447301092188e-7
c7d7cb62	0	0.1	30	0.0005	false	0.8076555095474116	0.017015743067739616
c7d7cb62	1	0.1	30	0.0005	false	0.8739343945200878	0.009440066170249612
c7d7cb62	2	0.1	30	0.0005	false	0.9127205539015241	0.011096079733674422
c7d7cb62	3	0.1	30	0.0005	false	0.7078094428866522	0.005608804467726748
c7d7cb62	4	0.1	30	0.0005	false	0.8412190247625024	0.007517640443218359
c7d7cb62	5	0.1	30	0.0005	false	0.8806195577447306	0.008678818262716787
c7d7cb62	6	0.1	30	0.0005	false	0.7953031244361373	0.022108853708159435
c7d7cb62	7	0.1	30	0.0005	false	0.523901484547899	0.00843046087081886
c7d7cb62	8	0.1	30	0.0005	false	0.8021512328876163	0.0077822389622623665
c7d7cb62	9	0.1	30	0.0005	false	0.8255569334492666	0.008334962670595749
c7d7cb62	neutral	0.1	30	0.0005	true	0.3520673868148393	-3.240674205535006e-7
c8fd8689	0	0.0	20	0.0006000000000000001	false	0.5651315137972495	0.007943058675546816
c8fd8689	1	0.0	20	0.0006000000000000001	false	0.8231157572626979	0.010015773217226602
c8fd8689	2	0.0	20	0.0006000000000000001	false	0.6475513096096672	0.023399200376325473
c8fd8689	3	0.0	20	0.0006000000000000001	false	0.8772154095916889	0.015513800479869593
c8fd8689	4	0.0	20	0.0006000000000000001	false	0.7291818386242549	0.011672596333453456
c8fd8689	5	0.0	20	0.0006000000000000001	false	0.5961584874995856	0.007235838574613392
c8fd8689	6	0.0	20	0.0006000000000000001	false	0.6925167303685478	0.011121506278363636
c8fd8689	7	0.0	20	0.0006000000000000001	false	0.9426504850056291	0.020254556447359483
c8fd8689	8	0.0	20	0.0006000000000000001	false	0.7944226481107972	0.016845043477892896
c8fd8689	9	0.0	20	0.0006000000000000001	false	0.7249144799835894	0.015627480687181308
c8fd8689	neutral	0.0	20	0.0006000000000000001	true	0.0843914119167547	-1.2733535168628144e-7
c9b4ec0d	0	0.0	40	0.0009000000000000001	false	0.8492832266671562	0.010335126260831308
c9b4ec0d	1	0.0	40	0.0009000000000000001	false	0.8278839562998656	0.010380539472188876
c9b4ec0d	2	0.0	40	0.0009000000000000001	false	0.7005142569797076	0.010104478359417964
c9b4ec0d	3	0.0	40	0.0009000000000000001	false	0.607227719485887	0.0056053579870497675
c9b4ec0d	4	0.0	40	0.0009000000000000001	false	0.7827099614649032	0.0079637285006364
c9b4ec0d	5	0.0	40	0.0009000000000000001	false	0.7960386002915147	0.009336511001073211
c9b4ec0d	6	0.0	40	0.0009000000000000001	false	0.7002225929241773	0.006120261470152683
c9b4ec0d	7	0.0	40	0.0009000000000000001	false	0.7658170833431275	0.006745588793178482
c9b4ec0d	8	0.0	40	0.0009000000000000001	false	0.8387921058291408	0.006447696212322309
c9b4ec0d	9	0.0	40	0.0009000000000000001	false	0.44049603370600254	0.007174384189938485
c9b4ec0d	neutral	0.0	40	0.0009000000000000001	true	0.10935134317426576	-9.576239466580585e-8
cb2f1e19	0	0.0	100	0.0002	false	0.8968531308464136	0.0036087289208115714
cb2f1e19	1	0.0	100	0.0002	false	0.6859230008554452	0.002840638192422774
cb2f1e19	2	0.0	100	0.0002	false	0.4424900919989636	0.0023596022081250425
cb2f1e19	3	0.0	100	0.0002	false	0.7400988184652872	0.002577688003468748
cb2f1e19	4	0.0	100	0.0002	false	0.5188364127188045	0.0019924842722627415
cb2f1e19	5	0.0	100	0.0002	false	0.7333790533297032	0.0035118008080753872
cb2f1e19	6	0.0	100	0.0002	false	0.6669232856617993	0.002415672783125605
cb2f1e19	7	0.0	100	0.0002	false	0.7489166528968358	0.002178880204147574
cb2f1e19	8	0.0	100	0.0002	false	0.8473950819250635	0.002813707131170439
cb2f1e19	9	0.0	100	0.0002	false	0.7697864462564068	0.0021573767615405
cb2f1e19	neutral	0.0	100	0.0002	true	0.11954231734929888	-6.041365875761494e-8
ccba7e15	0	0.1	10	0.0005	false	0.88054181300495	0.01846472654864878
ccba7e15	1	0.1	10	0.0005	false	0.6386800983617263	0.027769751218767607
ccba7e15	2	0.1	10	0.0005	false	0.9325147765468667	0.03013199192729827
ccba7e15	3	0.1	10	0.0005	false	0.9223115682818435	0.020262119235991145
ccba7e15	4	0.1	10	0.0005	false	0.9115401227149341	0.03040936667096713
ccba7e15	5	0.1	10	0.0005	false	0.7425442960579105	0.025130234485032422
ccba7e15	6	0.1	10	0.0005	false	0.814575747623279	0.04449334452111386
ccba7e15	7	0.1	10	0.0005	false	0.8078731624325083	0.01936667713430898
ccba7e15	8	0.1	10	0.0005	false	0.7302287687808607	0.02851262853363538
ccba7e15	9	0.1	10	0.0005	false	0.8823039569057395	0.04193356649892239
ccba7e15	neutral	0.1	10	0.0005	true	0.625241097265621	-7.868887070204359e-7
cece5d30	0	0.0	70	0.001	false	0.7647074119884687	0.005833052594627976
cece5d30	1	0.0	70	0.001	false	0.8031356757058172	0.006239706817837608
cece5d30	2	0.0	70	0.001	false	0.6983352939849043	0.005002261551595448
cece5d30	3	0.0	70	0.001	false	0.733823092723831	0.005738265245365063
cece5d30	4	0.0	70	0.001	false	0.5175548582917626	0.006695411730617875
cece5d30	5	0.0	70	0.001	false	0.5255045038230237	0.005131077338073845
cece5d30	6	0.0	70	0.001	false	0.7181649702416063	0.005438684771737042
cece5d30	7	0.0	70	0.001	false	0.6518635041427238	0.00408658861252422
cece5d30	8	0.0	70	0.001	false	0.8022482452164282	0.007391043668480824
cece5d30	9	0.0	70	0.001	false	0.6702824910346311	0.006180914408014787
cece5d30	neutral	0.0	70	0.001	true	0.15803602485354162	-4.105337636191615e-8
d003363d	0	0.0	30	0.0006000000000000001	false	0.8370734251235581	0.010884709248166738
d003363d	1	0.0	30	0.0006000000000000001	false	0.6421975473320567	0.006035981158318644
d003363d	2	0.0	30	0.0006000000000000001	false	0.8361178719061295	0.013023012965113443
d003363d	3	0.0	30	0.0006000000000000001	false	0.5988584090080871	0.012604916947520315
d003363d	4	0.0	30	0.0006000000000000001	false	0.7135932587815506	0.007923377307474836
d003363d	5	0.0	30	0.0006000000000000001	false	0.7843092781246385	0.009851850599132933
d003363d	6	0.0	30	0.0006000000000000001	false	0.7141578690804965	0.008607219409481217
d003363d	7	0.0	30	0.0006000000000000001	false	0.7580425892278766	0.008069183074217895
d003363d	8	0.0	30	0.0006000000000000001	false	0.7842936204604294	0.01165269941960131
d003363d	9	0.0	30	0.0006000000000000001	false	0.8134385602015697	0.010311226094274586
d003363d	neutral	0.0	30	0.0006000000000000001	true	0.19776034393562536	-1.8004649515521984e-7
